Module,Thành phần (Node),Vùng nhớ,Loại,Shape,Size,Địa chỉ bắt đầu,Địa chỉ kết thúc
-,Input Images,Input_Buffer,Input,1x3x640x640,1228800,0,1228799
0: Conv (P1),Node 0: Conv,DRAM_1,Weight,16x3x3x3,432,0,431
0: Conv (P1),Node 0: Conv,DRAM_1,Bias,16,16,432,447
0: Conv (P1),Node 1: Sigmoid,DRAM_1,Weight/Bias,-,0,-,-
0: Conv (P1),Node 2: Mul,DRAM_1,Weight/Bias,-,0,-,-
1: Conv (P2),Node 3: Conv,DRAM_1,Weight,32x16x3x3,4608,448,5055
1: Conv (P2),Node 3: Conv,DRAM_1,Bias,32,32,5056,5087
1: Conv (P2),Node 4: Sigmoid,DRAM_1,Weight/Bias,-,0,-,-
1: Conv (P2),Node 5: Mul,DRAM_1,Weight/Bias,-,0,-,-
2: C3k2 (P2),Node 6: Conv,DRAM_1,Weight,32x32x1x1,1024,5088,6111
2: C3k2 (P2),Node 6: Conv,DRAM_1,Bias,32,32,6112,6143
2: C3k2 (P2),Node 7: Sigmoid,DRAM_1,Weight/Bias,-,0,-,-
2: C3k2 (P2),Node 8: Mul,DRAM_1,Weight/Bias,-,0,-,-
2: C3k2 (P2),Node 9: Split,DRAM_1,Weight,2,2,6144,6145
2: C3k2 (P2),Node 10: Conv,DRAM_1,Weight,8x16x3x3,1152,6146,7297
2: C3k2 (P2),Node 10: Conv,DRAM_1,Bias,8,8,7298,7305
2: C3k2 (P2),Node 11: Sigmoid,DRAM_1,Weight/Bias,-,0,-,-
2: C3k2 (P2),Node 12: Mul,DRAM_1,Weight/Bias,-,0,-,-
2: C3k2 (P2),Node 13: Conv,DRAM_1,Weight,16x8x3x3,1152,7306,8457
2: C3k2 (P2),Node 13: Conv,DRAM_1,Bias,16,16,8458,8473
2: C3k2 (P2),Node 14: Sigmoid,DRAM_1,Weight/Bias,-,0,-,-
2: C3k2 (P2),Node 15: Mul,DRAM_1,Weight/Bias,-,0,-,-
2: C3k2 (P2),Node 16: Add,DRAM_1,Weight/Bias,-,0,-,-
2: C3k2 (P2),Node 17: Concat,DRAM_1,Weight/Bias,-,0,-,-
2: C3k2 (P2),Node 18: Conv,DRAM_1,Weight,64x48x1x1,3072,8474,11545
2: C3k2 (P2),Node 18: Conv,DRAM_1,Bias,64,64,11546,11609
2: C3k2 (P2),Node 19: Sigmoid,DRAM_1,Weight/Bias,-,0,-,-
2: C3k2 (P2),Node 20: Mul,DRAM_1,Weight/Bias,-,0,-,-
3: Conv (P3),Node 21: Conv,DRAM_1,Weight,64x64x3x3,36864,11610,48473
3: Conv (P3),Node 21: Conv,DRAM_1,Bias,64,64,48474,48537
3: Conv (P3),Node 22: Sigmoid,DRAM_1,Weight/Bias,-,0,-,-
3: Conv (P3),Node 23: Mul,DRAM_1,Weight/Bias,-,0,-,-
4: C3k2 (P3),Node 24: Conv,DRAM_1,Weight,64x64x1x1,4096,48538,52633
4: C3k2 (P3),Node 24: Conv,DRAM_1,Bias,64,64,52634,52697
4: C3k2 (P3),Node 25: Sigmoid,DRAM_1,Weight/Bias,-,0,-,-
4: C3k2 (P3),Node 26: Mul,DRAM_1,Weight/Bias,-,0,-,-
4: C3k2 (P3),Node 27: Split,DRAM_1,Weight,2,2,52698,52699
4: C3k2 (P3),Node 28: Conv,DRAM_1,Weight,16x32x3x3,4608,52700,57307
4: C3k2 (P3),Node 28: Conv,DRAM_1,Bias,16,16,57308,57323
4: C3k2 (P3),Node 29: Sigmoid,DRAM_1,Weight/Bias,-,0,-,-
4: C3k2 (P3),Node 30: Mul,DRAM_1,Weight/Bias,-,0,-,-
4: C3k2 (P3),Node 31: Conv,DRAM_1,Weight,32x16x3x3,4608,57324,61931
4: C3k2 (P3),Node 31: Conv,DRAM_1,Bias,32,32,61932,61963
4: C3k2 (P3),Node 32: Sigmoid,DRAM_1,Weight/Bias,-,0,-,-
4: C3k2 (P3),Node 33: Mul,DRAM_1,Weight/Bias,-,0,-,-
4: C3k2 (P3),Node 34: Add,DRAM_1,Weight/Bias,-,0,-,-
4: C3k2 (P3),Node 35: Concat,DRAM_1,Weight/Bias,-,0,-,-
4: C3k2 (P3),Node 36: Conv,DRAM_1,Weight,128x96x1x1,12288,61964,74251
4: C3k2 (P3),Node 36: Conv,DRAM_1,Bias,128,128,74252,74379
4: C3k2 (P3),Node 37: Sigmoid,DRAM_1,Weight/Bias,-,0,-,-
4: C3k2 (P3),Node 38: Mul,DRAM_1,Weight/Bias,-,0,-,-
5: Conv (P4),Node 39: Conv,DRAM_1,Weight,128x128x3x3,147456,74380,221835
5: Conv (P4),Node 39: Conv,DRAM_1,Bias,128,128,221836,221963
5: Conv (P4),Node 40: Sigmoid,DRAM_1,Weight/Bias,-,0,-,-
5: Conv (P4),Node 41: Mul,DRAM_1,Weight/Bias,-,0,-,-
6: C3k2 (P4),Node 42: Conv,DRAM_1,Weight,128x128x1x1,16384,221964,238347
6: C3k2 (P4),Node 42: Conv,DRAM_1,Bias,128,128,238348,238475
6: C3k2 (P4),Node 43: Sigmoid,DRAM_1,Weight/Bias,-,0,-,-
6: C3k2 (P4),Node 44: Mul,DRAM_1,Weight/Bias,-,0,-,-
6: C3k2 (P4),Node 45: Split,DRAM_1,Weight,2,2,238476,238477
6: C3k2 (P4),Node 46: Conv,DRAM_1,Weight,32x64x1x1,2048,238478,240525
6: C3k2 (P4),Node 46: Conv,DRAM_1,Bias,32,32,240526,240557
6: C3k2 (P4),Node 47: Conv,DRAM_1,Weight,32x64x1x1,2048,240558,242605
6: C3k2 (P4),Node 47: Conv,DRAM_1,Bias,32,32,242606,242637
6: C3k2 (P4),Node 48: Sigmoid,DRAM_1,Weight/Bias,-,0,-,-
6: C3k2 (P4),Node 49: Sigmoid,DRAM_1,Weight/Bias,-,0,-,-
6: C3k2 (P4),Node 50: Mul,DRAM_1,Weight/Bias,-,0,-,-
6: C3k2 (P4),Node 51: Mul,DRAM_1,Weight/Bias,-,0,-,-
6: C3k2 (P4),Node 52: Conv,DRAM_1,Weight,32x32x3x3,9216,242638,251853
6: C3k2 (P4),Node 52: Conv,DRAM_1,Bias,32,32,251854,251885
6: C3k2 (P4),Node 53: Sigmoid,DRAM_1,Weight/Bias,-,0,-,-
6: C3k2 (P4),Node 54: Mul,DRAM_1,Weight/Bias,-,0,-,-
6: C3k2 (P4),Node 55: Conv,DRAM_1,Weight,32x32x3x3,9216,251886,261101
6: C3k2 (P4),Node 55: Conv,DRAM_1,Bias,32,32,261102,261133
6: C3k2 (P4),Node 56: Sigmoid,DRAM_1,Weight/Bias,-,0,-,-
6: C3k2 (P4),Node 57: Mul,DRAM_1,Weight/Bias,-,0,-,-
6: C3k2 (P4),Node 58: Add,DRAM_1,Weight/Bias,-,0,-,-
6: C3k2 (P4),Node 59: Conv,DRAM_1,Weight,32x32x3x3,9216,261134,270349
6: C3k2 (P4),Node 59: Conv,DRAM_1,Bias,32,32,270350,270381
6: C3k2 (P4),Node 60: Sigmoid,DRAM_1,Weight/Bias,-,0,-,-
6: C3k2 (P4),Node 61: Mul,DRAM_1,Weight/Bias,-,0,-,-
6: C3k2 (P4),Node 62: Conv,DRAM_1,Weight,32x32x3x3,9216,270382,279597
6: C3k2 (P4),Node 62: Conv,DRAM_1,Bias,32,32,279598,279629
6: C3k2 (P4),Node 63: Sigmoid,DRAM_1,Weight/Bias,-,0,-,-
6: C3k2 (P4),Node 64: Mul,DRAM_1,Weight/Bias,-,0,-,-
6: C3k2 (P4),Node 65: Add,DRAM_1,Weight/Bias,-,0,-,-
6: C3k2 (P4),Node 66: Concat,DRAM_1,Weight/Bias,-,0,-,-
6: C3k2 (P4),Node 67: Conv,DRAM_1,Weight,64x64x1x1,4096,279630,283725
6: C3k2 (P4),Node 67: Conv,DRAM_1,Bias,64,64,283726,283789
6: C3k2 (P4),Node 68: Sigmoid,DRAM_1,Weight/Bias,-,0,-,-
6: C3k2 (P4),Node 69: Mul,DRAM_1,Weight/Bias,-,0,-,-
6: C3k2 (P4),Node 70: Concat,DRAM_1,Weight/Bias,-,0,-,-
6: C3k2 (P4),Node 71: Conv,DRAM_1,Weight,128x192x1x1,24576,283790,308365
6: C3k2 (P4),Node 71: Conv,DRAM_1,Bias,128,128,308366,308493
6: C3k2 (P4),Node 72: Sigmoid,DRAM_1,Weight/Bias,-,0,-,-
6: C3k2 (P4),Node 73: Mul,DRAM_1,Weight/Bias,-,0,-,-
7: Conv (P5),Node 74: Conv,DRAM_1,Weight,256x128x3x3,294912,308494,603405
7: Conv (P5),Node 74: Conv,DRAM_1,Bias,256,256,603406,603661
7: Conv (P5),Node 75: Sigmoid,DRAM_1,Weight/Bias,-,0,-,-
7: Conv (P5),Node 76: Mul,DRAM_1,Weight/Bias,-,0,-,-
8: C3k2 (P5),Node 77: Conv,DRAM_1,Weight,256x256x1x1,65536,603662,669197
8: C3k2 (P5),Node 77: Conv,DRAM_1,Bias,256,256,669198,669453
8: C3k2 (P5),Node 78: Sigmoid,DRAM_1,Weight/Bias,-,0,-,-
8: C3k2 (P5),Node 79: Mul,DRAM_1,Weight/Bias,-,0,-,-
8: C3k2 (P5),Node 80: Split,DRAM_1,Weight,2,2,669454,669455
8: C3k2 (P5),Node 81: Conv,DRAM_1,Weight,64x128x1x1,8192,669456,677647
8: C3k2 (P5),Node 81: Conv,DRAM_1,Bias,64,64,677648,677711
8: C3k2 (P5),Node 82: Conv,DRAM_1,Weight,64x128x1x1,8192,677712,685903
8: C3k2 (P5),Node 82: Conv,DRAM_1,Bias,64,64,685904,685967
8: C3k2 (P5),Node 83: Sigmoid,DRAM_1,Weight/Bias,-,0,-,-
8: C3k2 (P5),Node 84: Sigmoid,DRAM_1,Weight/Bias,-,0,-,-
8: C3k2 (P5),Node 85: Mul,DRAM_1,Weight/Bias,-,0,-,-
8: C3k2 (P5),Node 86: Mul,DRAM_1,Weight/Bias,-,0,-,-
8: C3k2 (P5),Node 87: Conv,DRAM_1,Weight,64x64x3x3,36864,685968,722831
8: C3k2 (P5),Node 87: Conv,DRAM_1,Bias,64,64,722832,722895
8: C3k2 (P5),Node 88: Sigmoid,DRAM_1,Weight/Bias,-,0,-,-
8: C3k2 (P5),Node 89: Mul,DRAM_1,Weight/Bias,-,0,-,-
8: C3k2 (P5),Node 90: Conv,DRAM_1,Weight,64x64x3x3,36864,722896,759759
8: C3k2 (P5),Node 90: Conv,DRAM_1,Bias,64,64,759760,759823
8: C3k2 (P5),Node 91: Sigmoid,DRAM_1,Weight/Bias,-,0,-,-
8: C3k2 (P5),Node 92: Mul,DRAM_1,Weight/Bias,-,0,-,-
8: C3k2 (P5),Node 93: Add,DRAM_1,Weight/Bias,-,0,-,-
8: C3k2 (P5),Node 94: Conv,DRAM_1,Weight,64x64x3x3,36864,759824,796687
8: C3k2 (P5),Node 94: Conv,DRAM_1,Bias,64,64,796688,796751
8: C3k2 (P5),Node 95: Sigmoid,DRAM_1,Weight/Bias,-,0,-,-
8: C3k2 (P5),Node 96: Mul,DRAM_1,Weight/Bias,-,0,-,-
8: C3k2 (P5),Node 97: Conv,DRAM_1,Weight,64x64x3x3,36864,796752,833615
8: C3k2 (P5),Node 97: Conv,DRAM_1,Bias,64,64,833616,833679
8: C3k2 (P5),Node 98: Sigmoid,DRAM_1,Weight/Bias,-,0,-,-
8: C3k2 (P5),Node 99: Mul,DRAM_1,Weight/Bias,-,0,-,-
8: C3k2 (P5),Node 100: Add,DRAM_1,Weight/Bias,-,0,-,-
8: C3k2 (P5),Node 101: Concat,DRAM_1,Weight/Bias,-,0,-,-
8: C3k2 (P5),Node 102: Conv,DRAM_1,Weight,128x128x1x1,16384,833680,850063
8: C3k2 (P5),Node 102: Conv,DRAM_1,Bias,128,128,850064,850191
8: C3k2 (P5),Node 103: Sigmoid,DRAM_1,Weight/Bias,-,0,-,-
8: C3k2 (P5),Node 104: Mul,DRAM_1,Weight/Bias,-,0,-,-
8: C3k2 (P5),Node 105: Concat,DRAM_1,Weight/Bias,-,0,-,-
8: C3k2 (P5),Node 106: Conv,DRAM_1,Weight,256x384x1x1,98304,850192,948495
8: C3k2 (P5),Node 106: Conv,DRAM_1,Bias,256,256,948496,948751
8: C3k2 (P5),Node 107: Sigmoid,DRAM_1,Weight/Bias,-,0,-,-
8: C3k2 (P5),Node 108: Mul,DRAM_1,Weight/Bias,-,0,-,-
9:00,Node 109: Conv,DRAM_1,Weight,128x256x1x1,32768,948752,981519
9:00,Node 109: Conv,DRAM_1,Bias,128,128,981520,981647
9:00,Node 110: MaxPool,DRAM_1,Weight/Bias,-,0,-,-
9:00,Node 111: MaxPool,DRAM_1,Weight/Bias,-,0,-,-
9:00,Node 112: MaxPool,DRAM_1,Weight/Bias,-,0,-,-
9:00,Node 113: Concat,DRAM_1,Weight/Bias,-,0,-,-
9:00,Node 114: Conv,DRAM_1,Weight,256x512x1x1,131072,981648,1112719
9:00,Node 114: Conv,DRAM_1,Bias,256,256,1112720,1112975
9:00,Node 115: Sigmoid,DRAM_1,Weight/Bias,-,0,-,-
9:00,Node 116: Mul,DRAM_1,Weight/Bias,-,0,-,-
9:00,Node 117: Add,DRAM_1,Weight/Bias,-,0,-,-
10: C2PSA,Node 118: Conv,DRAM_1,Weight,256x256x1x1,65536,1112976,1178511
10: C2PSA,Node 118: Conv,DRAM_1,Bias,256,256,1178512,1178767
10: C2PSA,Node 119: Sigmoid,DRAM_1,Weight/Bias,-,0,-,-
10: C2PSA,Node 120: Mul,DRAM_1,Weight/Bias,-,0,-,-
10: C2PSA,Node 121: Split,DRAM_1,Weight,2,2,1178768,1178769
10: C2PSA,Node 122: Conv,DRAM_1,Weight,256x128x1x1,32768,1178770,1211537
10: C2PSA,Node 122: Conv,DRAM_1,Bias,256,256,1211538,1211793
10: C2PSA,Node 123: Reshape,DRAM_1,Weight,4,4,1211794,1211797
10: C2PSA,Node 124: Split,DRAM_1,Weight,3,3,1211798,1211800
10: C2PSA,Node 125: Mul,DRAM_1,Weight,,1,1211801,1211801
10: C2PSA,Node 126: Reshape,DRAM_1,Weight,4,4,1211802,1211805
10: C2PSA,Node 127: Transpose,DRAM_1,Weight/Bias,-,0,-,-
10: C2PSA,Node 128: Conv,DRAM_1,Weight,128x1x3x3,1152,1211806,1212957
10: C2PSA,Node 128: Conv,DRAM_1,Bias,128,128,1212958,1213085
10: C2PSA,Node 129: MatMul,DRAM_1,Weight/Bias,-,0,-,-
10: C2PSA,Node 130: Softmax,DRAM_1,Weight/Bias,-,0,-,-
10: C2PSA,Node 131: Transpose,DRAM_1,Weight/Bias,-,0,-,-
10: C2PSA,Node 132: MatMul,DRAM_1,Weight/Bias,-,0,-,-
10: C2PSA,Node 133: Reshape,DRAM_1,Weight,4,4,1213086,1213089
10: C2PSA,Node 134: Add,DRAM_1,Weight/Bias,-,0,-,-
10: C2PSA,Node 135: Conv,DRAM_1,Weight,128x128x1x1,16384,1213090,1229473
10: C2PSA,Node 135: Conv,DRAM_1,Bias,128,128,1229474,1229601
10: C2PSA,Node 136: Add,DRAM_1,Weight/Bias,-,0,-,-
10: C2PSA,Node 137: Conv,DRAM_1,Weight,256x128x1x1,32768,1229602,1262369
10: C2PSA,Node 137: Conv,DRAM_1,Bias,256,256,1262370,1262625
10: C2PSA,Node 138: Sigmoid,DRAM_1,Weight/Bias,-,0,-,-
10: C2PSA,Node 139: Mul,DRAM_1,Weight/Bias,-,0,-,-
10: C2PSA,Node 140: Conv,DRAM_1,Weight,128x256x1x1,32768,1262626,1295393
10: C2PSA,Node 140: Conv,DRAM_1,Bias,128,128,1295394,1295521
10: C2PSA,Node 141: Add,DRAM_1,Weight/Bias,-,0,-,-
10: C2PSA,Node 142: Concat,DRAM_1,Weight/Bias,-,0,-,-
10: C2PSA,Node 143: Conv,DRAM_1,Weight,256x256x1x1,65536,1295522,1361057
10: C2PSA,Node 143: Conv,DRAM_1,Bias,256,256,1361058,1361313
10: C2PSA,Node 144: Sigmoid,DRAM_1,Weight/Bias,-,0,-,-
10: C2PSA,Node 145: Mul,DRAM_1,Weight/Bias,-,0,-,-
11:00,Node 146: Resize,DRAM_1,Weight,4,4,1361314,1361317
12:00,Node 147: Concat,DRAM_1,Weight/Bias,-,0,-,-
13: C3k2,Node 148: Conv,DRAM_1,Weight,128x384x1x1,49152,1361318,1410469
13: C3k2,Node 148: Conv,DRAM_1,Bias,128,128,1410470,1410597
13: C3k2,Node 149: Sigmoid,DRAM_1,Weight/Bias,-,0,-,-
13: C3k2,Node 150: Mul,DRAM_1,Weight/Bias,-,0,-,-
13: C3k2,Node 151: Split,DRAM_1,Weight,2,2,1410598,1410599
13: C3k2,Node 152: Conv,DRAM_1,Weight,32x64x1x1,2048,1410600,1412647
13: C3k2,Node 152: Conv,DRAM_1,Bias,32,32,1412648,1412679
13: C3k2,Node 153: Conv,DRAM_1,Weight,32x64x1x1,2048,1412680,1414727
13: C3k2,Node 153: Conv,DRAM_1,Bias,32,32,1414728,1414759
13: C3k2,Node 154: Sigmoid,DRAM_1,Weight/Bias,-,0,-,-
13: C3k2,Node 155: Sigmoid,DRAM_1,Weight/Bias,-,0,-,-
13: C3k2,Node 156: Mul,DRAM_1,Weight/Bias,-,0,-,-
13: C3k2,Node 157: Mul,DRAM_1,Weight/Bias,-,0,-,-
13: C3k2,Node 158: Conv,DRAM_1,Weight,32x32x3x3,9216,1414760,1423975
13: C3k2,Node 158: Conv,DRAM_1,Bias,32,32,1423976,1424007
13: C3k2,Node 159: Sigmoid,DRAM_1,Weight/Bias,-,0,-,-
13: C3k2,Node 160: Mul,DRAM_1,Weight/Bias,-,0,-,-
13: C3k2,Node 161: Conv,DRAM_1,Weight,32x32x3x3,9216,1424008,1433223
13: C3k2,Node 161: Conv,DRAM_1,Bias,32,32,1433224,1433255
13: C3k2,Node 162: Sigmoid,DRAM_1,Weight/Bias,-,0,-,-
13: C3k2,Node 163: Mul,DRAM_1,Weight/Bias,-,0,-,-
13: C3k2,Node 164: Add,DRAM_1,Weight/Bias,-,0,-,-
13: C3k2,Node 165: Conv,DRAM_1,Weight,32x32x3x3,9216,1433256,1442471
13: C3k2,Node 165: Conv,DRAM_1,Bias,32,32,1442472,1442503
13: C3k2,Node 166: Sigmoid,DRAM_1,Weight/Bias,-,0,-,-
13: C3k2,Node 167: Mul,DRAM_1,Weight/Bias,-,0,-,-
13: C3k2,Node 168: Conv,DRAM_1,Weight,32x32x3x3,9216,1442504,1451719
13: C3k2,Node 168: Conv,DRAM_1,Bias,32,32,1451720,1451751
13: C3k2,Node 169: Sigmoid,DRAM_1,Weight/Bias,-,0,-,-
13: C3k2,Node 170: Mul,DRAM_1,Weight/Bias,-,0,-,-
13: C3k2,Node 171: Add,DRAM_1,Weight/Bias,-,0,-,-
13: C3k2,Node 172: Concat,DRAM_1,Weight/Bias,-,0,-,-
13: C3k2,Node 173: Conv,DRAM_1,Weight,64x64x1x1,4096,1451752,1455847
13: C3k2,Node 173: Conv,DRAM_1,Bias,64,64,1455848,1455911
13: C3k2,Node 174: Sigmoid,DRAM_1,Weight/Bias,-,0,-,-
13: C3k2,Node 175: Mul,DRAM_1,Weight/Bias,-,0,-,-
13: C3k2,Node 176: Concat,DRAM_1,Weight/Bias,-,0,-,-
13: C3k2,Node 177: Conv,DRAM_1,Weight,128x192x1x1,24576,1455912,1480487
13: C3k2,Node 177: Conv,DRAM_1,Bias,128,128,1480488,1480615
13: C3k2,Node 178: Sigmoid,DRAM_1,Weight/Bias,-,0,-,-
13: C3k2,Node 179: Mul,DRAM_1,Weight/Bias,-,0,-,-
14:00,Node 180: Resize,DRAM_1,Weight,4,4,1480616,1480619
15:00,Node 181: Concat,DRAM_1,Weight/Bias,-,0,-,-
16: C3k2 -> Detect P3,Node 182: Conv,DRAM_1,Weight,64x256x1x1,16384,1480620,1497003
16: C3k2 -> Detect P3,Node 182: Conv,DRAM_1,Bias,64,64,1497004,1497067
16: C3k2 -> Detect P3,Node 183: Sigmoid,DRAM_1,Weight/Bias,-,0,-,-
16: C3k2 -> Detect P3,Node 184: Mul,DRAM_1,Weight/Bias,-,0,-,-
16: C3k2 -> Detect P3,Node 185: Split,DRAM_1,Weight,2,2,1497068,1497069
16: C3k2 -> Detect P3,Node 186: Conv,DRAM_1,Weight,16x32x1x1,512,1497070,1497581
16: C3k2 -> Detect P3,Node 186: Conv,DRAM_1,Bias,16,16,1497582,1497597
16: C3k2 -> Detect P3,Node 187: Conv,DRAM_1,Weight,16x32x1x1,512,1497598,1498109
16: C3k2 -> Detect P3,Node 187: Conv,DRAM_1,Bias,16,16,1498110,1498125
16: C3k2 -> Detect P3,Node 188: Sigmoid,DRAM_1,Weight/Bias,-,0,-,-
16: C3k2 -> Detect P3,Node 189: Sigmoid,DRAM_1,Weight/Bias,-,0,-,-
16: C3k2 -> Detect P3,Node 190: Mul,DRAM_1,Weight/Bias,-,0,-,-
16: C3k2 -> Detect P3,Node 191: Mul,DRAM_1,Weight/Bias,-,0,-,-
16: C3k2 -> Detect P3,Node 192: Conv,DRAM_1,Weight,16x16x3x3,2304,1498126,1500429
16: C3k2 -> Detect P3,Node 192: Conv,DRAM_1,Bias,16,16,1500430,1500445
16: C3k2 -> Detect P3,Node 193: Sigmoid,DRAM_1,Weight/Bias,-,0,-,-
16: C3k2 -> Detect P3,Node 194: Mul,DRAM_1,Weight/Bias,-,0,-,-
16: C3k2 -> Detect P3,Node 195: Conv,DRAM_1,Weight,16x16x3x3,2304,1500446,1502749
16: C3k2 -> Detect P3,Node 195: Conv,DRAM_1,Bias,16,16,1502750,1502765
16: C3k2 -> Detect P3,Node 196: Sigmoid,DRAM_1,Weight/Bias,-,0,-,-
16: C3k2 -> Detect P3,Node 197: Mul,DRAM_1,Weight/Bias,-,0,-,-
16: C3k2 -> Detect P3,Node 198: Add,DRAM_1,Weight/Bias,-,0,-,-
16: C3k2 -> Detect P3,Node 199: Conv,DRAM_1,Weight,16x16x3x3,2304,1502766,1505069
16: C3k2 -> Detect P3,Node 199: Conv,DRAM_1,Bias,16,16,1505070,1505085
16: C3k2 -> Detect P3,Node 200: Sigmoid,DRAM_1,Weight/Bias,-,0,-,-
16: C3k2 -> Detect P3,Node 201: Mul,DRAM_1,Weight/Bias,-,0,-,-
16: C3k2 -> Detect P3,Node 202: Conv,DRAM_1,Weight,16x16x3x3,2304,1505086,1507389
16: C3k2 -> Detect P3,Node 202: Conv,DRAM_1,Bias,16,16,1507390,1507405
16: C3k2 -> Detect P3,Node 203: Sigmoid,DRAM_1,Weight/Bias,-,0,-,-
16: C3k2 -> Detect P3,Node 204: Mul,DRAM_1,Weight/Bias,-,0,-,-
16: C3k2 -> Detect P3,Node 205: Add,DRAM_1,Weight/Bias,-,0,-,-
16: C3k2 -> Detect P3,Node 206: Concat,DRAM_1,Weight/Bias,-,0,-,-
16: C3k2 -> Detect P3,Node 207: Conv,DRAM_1,Weight,32x32x1x1,1024,1507406,1508429
16: C3k2 -> Detect P3,Node 207: Conv,DRAM_1,Bias,32,32,1508430,1508461
16: C3k2 -> Detect P3,Node 208: Sigmoid,DRAM_1,Weight/Bias,-,0,-,-
16: C3k2 -> Detect P3,Node 209: Mul,DRAM_1,Weight/Bias,-,0,-,-
16: C3k2 -> Detect P3,Node 210: Concat,DRAM_1,Weight/Bias,-,0,-,-
16: C3k2 -> Detect P3,Node 211: Conv,DRAM_1,Weight,64x96x1x1,6144,1508462,1514605
16: C3k2 -> Detect P3,Node 211: Conv,DRAM_1,Bias,64,64,1514606,1514669
16: C3k2 -> Detect P3,Node 212: Sigmoid,DRAM_1,Weight/Bias,-,0,-,-
16: C3k2 -> Detect P3,Node 213: Mul,DRAM_1,Weight/Bias,-,0,-,-
17: Conv P3->P4,Node 214: Conv,DRAM_1,Weight,64x64x3x3,36864,1514670,1551533
17: Conv P3->P4,Node 214: Conv,DRAM_1,Bias,64,64,1551534,1551597
23: Detect head,Node 215: Conv,DRAM_1,Weight,16x64x3x3,9216,1551598,1560813
23: Detect head,Node 215: Conv,DRAM_1,Bias,16,16,1560814,1560829
23: Detect head,Node 216: Conv,DRAM_1,Weight,64x1x3x3,576,1560830,1561405
23: Detect head,Node 216: Conv,DRAM_1,Bias,64,64,1561406,1561469
17: Conv P3->P4,Node 217: Sigmoid,DRAM_1,Weight/Bias,-,0,-,-
23: Detect head,Node 218: Sigmoid,DRAM_1,Weight/Bias,-,0,-,-
23: Detect head,Node 219: Sigmoid,DRAM_1,Weight/Bias,-,0,-,-
17: Conv P3->P4,Node 220: Mul,DRAM_1,Weight/Bias,-,0,-,-
23: Detect head,Node 221: Mul,DRAM_1,Weight/Bias,-,0,-,-
23: Detect head,Node 222: Mul,DRAM_1,Weight/Bias,-,0,-,-
18:00,Node 223: Concat,DRAM_1,Weight/Bias,-,0,-,-
23: Detect head,Node 224: Conv,DRAM_1,Weight,16x16x3x3,2304,1561470,1563773
23: Detect head,Node 224: Conv,DRAM_1,Bias,16,16,1563774,1563789
23: Detect head,Node 225: Conv,DRAM_1,Weight,64x64x1x1,4096,1563790,1567885
23: Detect head,Node 225: Conv,DRAM_1,Bias,64,64,1567886,1567949
19: C3k2 -> Detect P4,Node 226: Conv,DRAM_1,Weight,128x192x1x1,24576,1567950,1592525
19: C3k2 -> Detect P4,Node 226: Conv,DRAM_1,Bias,128,128,1592526,1592653
23: Detect head,Node 227: Sigmoid,DRAM_1,Weight/Bias,-,0,-,-
23: Detect head,Node 228: Sigmoid,DRAM_1,Weight/Bias,-,0,-,-
19: C3k2 -> Detect P4,Node 229: Sigmoid,DRAM_1,Weight/Bias,-,0,-,-
23: Detect head,Node 230: Mul,DRAM_1,Weight/Bias,-,0,-,-
23: Detect head,Node 231: Mul,DRAM_1,Weight/Bias,-,0,-,-
19: C3k2 -> Detect P4,Node 232: Mul,DRAM_1,Weight/Bias,-,0,-,-
23: Detect head,Node 233: Conv,DRAM_1,Weight,4x16x1x1,64,1592654,1592717
23: Detect head,Node 233: Conv,DRAM_1,Bias,4,4,1592718,1592721
23: Detect head,Node 234: Conv,DRAM_1,Weight,64x1x3x3,576,1592722,1593297
23: Detect head,Node 234: Conv,DRAM_1,Bias,64,64,1593298,1593361
19: C3k2 -> Detect P4,Node 235: Split,DRAM_1,Weight,2,2,1593362,1593363
23: Detect head,Node 236: Reshape,DRAM_1,Weight,3,3,1593364,1593366
23: Detect head,Node 237: Sigmoid,DRAM_1,Weight/Bias,-,0,-,-
19: C3k2 -> Detect P4,Node 238: Conv,DRAM_1,Weight,32x64x1x1,2048,1593367,1595414
19: C3k2 -> Detect P4,Node 238: Conv,DRAM_1,Bias,32,32,1595415,1595446
19: C3k2 -> Detect P4,Node 239: Conv,DRAM_1,Weight,32x64x1x1,2048,1595447,1597494
19: C3k2 -> Detect P4,Node 239: Conv,DRAM_1,Bias,32,32,1597495,1597526
23: Detect head,Node 240: Mul,DRAM_1,Weight/Bias,-,0,-,-
19: C3k2 -> Detect P4,Node 241: Sigmoid,DRAM_1,Weight/Bias,-,0,-,-
19: C3k2 -> Detect P4,Node 242: Sigmoid,DRAM_1,Weight/Bias,-,0,-,-
23: Detect head,Node 243: Conv,DRAM_1,Weight,64x64x1x1,4096,1597527,1601622
23: Detect head,Node 243: Conv,DRAM_1,Bias,64,64,1601623,1601686
19: C3k2 -> Detect P4,Node 244: Mul,DRAM_1,Weight/Bias,-,0,-,-
19: C3k2 -> Detect P4,Node 245: Mul,DRAM_1,Weight/Bias,-,0,-,-
23: Detect head,Node 246: Sigmoid,DRAM_1,Weight/Bias,-,0,-,-
19: C3k2 -> Detect P4,Node 247: Conv,DRAM_1,Weight,32x32x3x3,9216,1601687,1610902
19: C3k2 -> Detect P4,Node 247: Conv,DRAM_1,Bias,32,32,1610903,1610934
23: Detect head,Node 248: Mul,DRAM_1,Weight/Bias,-,0,-,-
19: C3k2 -> Detect P4,Node 249: Sigmoid,DRAM_1,Weight/Bias,-,0,-,-
23: Detect head,Node 250: Conv,DRAM_1,Weight,1x64x1x1,64,1610935,1610998
23: Detect head,Node 250: Conv,DRAM_1,Bias,1,1,1610999,1610999
19: C3k2 -> Detect P4,Node 251: Mul,DRAM_1,Weight/Bias,-,0,-,-
23: Detect head,Node 252: Reshape,DRAM_1,Weight,3,3,1611000,1611002
19: C3k2 -> Detect P4,Node 253: Conv,DRAM_1,Weight,32x32x3x3,9216,1611003,1620218
19: C3k2 -> Detect P4,Node 253: Conv,DRAM_1,Bias,32,32,1620219,1620250
19: C3k2 -> Detect P4,Node 254: Sigmoid,DRAM_1,Weight/Bias,-,0,-,-
19: C3k2 -> Detect P4,Node 255: Mul,DRAM_1,Weight/Bias,-,0,-,-
19: C3k2 -> Detect P4,Node 256: Add,DRAM_1,Weight/Bias,-,0,-,-
19: C3k2 -> Detect P4,Node 257: Conv,DRAM_1,Weight,32x32x3x3,9216,1620251,1629466
19: C3k2 -> Detect P4,Node 257: Conv,DRAM_1,Bias,32,32,1629467,1629498
19: C3k2 -> Detect P4,Node 258: Sigmoid,DRAM_1,Weight/Bias,-,0,-,-
19: C3k2 -> Detect P4,Node 259: Mul,DRAM_1,Weight/Bias,-,0,-,-
19: C3k2 -> Detect P4,Node 260: Conv,DRAM_1,Weight,32x32x3x3,9216,1629499,1638714
19: C3k2 -> Detect P4,Node 260: Conv,DRAM_1,Bias,32,32,1638715,1638746
19: C3k2 -> Detect P4,Node 261: Sigmoid,DRAM_1,Weight/Bias,-,0,-,-
19: C3k2 -> Detect P4,Node 262: Mul,DRAM_1,Weight/Bias,-,0,-,-
19: C3k2 -> Detect P4,Node 263: Add,DRAM_1,Weight/Bias,-,0,-,-
19: C3k2 -> Detect P4,Node 264: Concat,DRAM_1,Weight/Bias,-,0,-,-
19: C3k2 -> Detect P4,Node 265: Conv,DRAM_1,Weight,64x64x1x1,4096,1638747,1642842
19: C3k2 -> Detect P4,Node 265: Conv,DRAM_1,Bias,64,64,1642843,1642906
19: C3k2 -> Detect P4,Node 266: Sigmoid,DRAM_1,Weight/Bias,-,0,-,-
19: C3k2 -> Detect P4,Node 267: Mul,DRAM_1,Weight/Bias,-,0,-,-
19: C3k2 -> Detect P4,Node 268: Concat,DRAM_1,Weight/Bias,-,0,-,-
19: C3k2 -> Detect P4,Node 269: Conv,DRAM_1,Weight,128x192x1x1,24576,1642907,1667482
19: C3k2 -> Detect P4,Node 269: Conv,DRAM_1,Bias,128,128,1667483,1667610
19: C3k2 -> Detect P4,Node 270: Sigmoid,DRAM_1,Weight/Bias,-,0,-,-
19: C3k2 -> Detect P4,Node 271: Mul,DRAM_1,Weight/Bias,-,0,-,-
20: Conv P4->P5,Node 272: Conv,DRAM_1,Weight,128x128x3x3,147456,1667611,1815066
20: Conv P4->P5,Node 272: Conv,DRAM_1,Bias,128,128,1815067,1815194
23: Detect head,Node 273: Conv,DRAM_1,Weight,16x128x3x3,18432,1815195,1833626
23: Detect head,Node 273: Conv,DRAM_1,Bias,16,16,1833627,1833642
23: Detect head,Node 274: Conv,DRAM_1,Weight,128x1x3x3,1152,1833643,1834794
23: Detect head,Node 274: Conv,DRAM_1,Bias,128,128,1834795,1834922
20: Conv P4->P5,Node 275: Sigmoid,DRAM_1,Weight/Bias,-,0,-,-
23: Detect head,Node 276: Sigmoid,DRAM_1,Weight/Bias,-,0,-,-
23: Detect head,Node 277: Sigmoid,DRAM_1,Weight/Bias,-,0,-,-
20: Conv P4->P5,Node 278: Mul,DRAM_1,Weight/Bias,-,0,-,-
23: Detect head,Node 279: Mul,DRAM_1,Weight/Bias,-,0,-,-
23: Detect head,Node 280: Mul,DRAM_1,Weight/Bias,-,0,-,-
21:00,Node 281: Concat,DRAM_1,Weight/Bias,-,0,-,-
23: Detect head,Node 282: Conv,DRAM_1,Weight,16x16x3x3,2304,1834923,1837226
23: Detect head,Node 282: Conv,DRAM_1,Bias,16,16,1837227,1837242
23: Detect head,Node 283: Conv,DRAM_1,Weight,64x128x1x1,8192,1837243,1845434
23: Detect head,Node 283: Conv,DRAM_1,Bias,64,64,1845435,1845498
22: C3k2 -> Detect P5,Node 284: Conv,DRAM_1,Weight,256x384x1x1,98304,1845499,1943802
22: C3k2 -> Detect P5,Node 284: Conv,DRAM_1,Bias,256,256,1943803,1944058
23: Detect head,Node 285: Sigmoid,DRAM_1,Weight/Bias,-,0,-,-
23: Detect head,Node 286: Sigmoid,DRAM_1,Weight/Bias,-,0,-,-
22: C3k2 -> Detect P5,Node 287: Sigmoid,DRAM_1,Weight/Bias,-,0,-,-
23: Detect head,Node 288: Mul,DRAM_1,Weight/Bias,-,0,-,-
23: Detect head,Node 289: Mul,DRAM_1,Weight/Bias,-,0,-,-
22: C3k2 -> Detect P5,Node 290: Mul,DRAM_1,Weight/Bias,-,0,-,-
23: Detect head,Node 291: Conv,DRAM_1,Weight,4x16x1x1,64,1944059,1944122
23: Detect head,Node 291: Conv,DRAM_1,Bias,4,4,1944123,1944126
23: Detect head,Node 292: Conv,DRAM_1,Weight,64x1x3x3,576,1944127,1944702
23: Detect head,Node 292: Conv,DRAM_1,Bias,64,64,1944703,1944766
22: C3k2 -> Detect P5,Node 293: Split,DRAM_1,Weight,2,2,1944767,1944768
23: Detect head,Node 294: Reshape,DRAM_1,Weight,3,3,1944769,1944771
23: Detect head,Node 295: Sigmoid,DRAM_1,Weight/Bias,-,0,-,-
22: C3k2 -> Detect P5,Node 296: Conv,DRAM_1,Weight,64x128x3x3,73728,1944772,2018499
22: C3k2 -> Detect P5,Node 296: Conv,DRAM_1,Bias,64,64,2018500,2018563
23: Detect head,Node 297: Mul,DRAM_1,Weight/Bias,-,0,-,-
22: C3k2 -> Detect P5,Node 298: Sigmoid,DRAM_1,Weight/Bias,-,0,-,-
23: Detect head,Node 299: Conv,DRAM_1,Weight,64x64x1x1,4096,2018564,2022659
23: Detect head,Node 299: Conv,DRAM_1,Bias,64,64,2022660,2022723
22: C3k2 -> Detect P5,Node 300: Mul,DRAM_1,Weight/Bias,-,0,-,-
23: Detect head,Node 301: Sigmoid,DRAM_1,Weight/Bias,-,0,-,-
22: C3k2 -> Detect P5,Node 302: Conv,DRAM_1,Weight,128x64x3x3,73728,2022724,2096451
22: C3k2 -> Detect P5,Node 302: Conv,DRAM_1,Bias,128,128,2096452,2096579
23: Detect head,Node 303: Mul,DRAM_1,Weight/Bias,-,0,-,-
22: C3k2 -> Detect P5,Node 304: Sigmoid,DRAM_1,Weight/Bias,-,0,-,-
23: Detect head,Node 305: Conv,DRAM_1,Weight,1x64x1x1,64,2096580,2096643
23: Detect head,Node 305: Conv,DRAM_1,Bias,1,1,2096644,2096644
22: C3k2 -> Detect P5,Node 306: Mul,DRAM_1,Weight/Bias,-,0,-,-
23: Detect head,Node 307: Reshape,DRAM_1,Weight,3,3,2096645,2096647
22: C3k2 -> Detect P5,Node 308: Add,DRAM_1,Weight/Bias,-,0,-,-
22: C3k2 -> Detect P5,Node 309: Conv,DRAM_1,Weight,256x128x1x1,32768,2096648,2129415
22: C3k2 -> Detect P5,Node 309: Conv,DRAM_1,Bias,256,256,2129416,2129671
22: C3k2 -> Detect P5,Node 310: Reshape,DRAM_1,Weight,4,4,2129672,2129675
22: C3k2 -> Detect P5,Node 311: Split,DRAM_1,Weight,3,3,2129676,2129678
22: C3k2 -> Detect P5,Node 312: Mul,DRAM_1,Weight,,1,2129679,2129679
22: C3k2 -> Detect P5,Node 313: Reshape,DRAM_1,Weight,4,4,2129680,2129683
22: C3k2 -> Detect P5,Node 314: Transpose,DRAM_1,Weight/Bias,-,0,-,-
22: C3k2 -> Detect P5,Node 315: Conv,DRAM_1,Weight,128x1x3x3,1152,2129684,2130835
22: C3k2 -> Detect P5,Node 315: Conv,DRAM_1,Bias,128,128,2130836,2130963
22: C3k2 -> Detect P5,Node 316: MatMul,DRAM_1,Weight/Bias,-,0,-,-
22: C3k2 -> Detect P5,Node 317: Softmax,DRAM_1,Weight/Bias,-,0,-,-
22: C3k2 -> Detect P5,Node 318: Transpose,DRAM_1,Weight/Bias,-,0,-,-
22: C3k2 -> Detect P5,Node 319: MatMul,DRAM_1,Weight/Bias,-,0,-,-
22: C3k2 -> Detect P5,Node 320: Reshape,DRAM_1,Weight,4,4,2130964,2130967
22: C3k2 -> Detect P5,Node 321: Add,DRAM_1,Weight/Bias,-,0,-,-
22: C3k2 -> Detect P5,Node 322: Conv,DRAM_1,Weight,128x128x1x1,16384,2130968,2147351
22: C3k2 -> Detect P5,Node 322: Conv,DRAM_1,Bias,128,128,2147352,2147479
22: C3k2 -> Detect P5,Node 323: Add,DRAM_1,Weight/Bias,-,0,-,-
22: C3k2 -> Detect P5,Node 324: Conv,DRAM_1,Weight,256x128x1x1,32768,2147480,2180247
22: C3k2 -> Detect P5,Node 324: Conv,DRAM_1,Bias,256,256,2180248,2180503
22: C3k2 -> Detect P5,Node 325: Sigmoid,DRAM_1,Weight/Bias,-,0,-,-
22: C3k2 -> Detect P5,Node 326: Mul,DRAM_1,Weight/Bias,-,0,-,-
22: C3k2 -> Detect P5,Node 327: Conv,DRAM_1,Weight,128x256x1x1,32768,2180504,2213271
22: C3k2 -> Detect P5,Node 327: Conv,DRAM_1,Bias,128,128,2213272,2213399
22: C3k2 -> Detect P5,Node 328: Add,DRAM_1,Weight/Bias,-,0,-,-
22: C3k2 -> Detect P5,Node 329: Concat,DRAM_1,Weight/Bias,-,0,-,-
22: C3k2 -> Detect P5,Node 330: Conv,DRAM_1,Weight,256x384x1x1,98304,2213400,2311703
22: C3k2 -> Detect P5,Node 330: Conv,DRAM_1,Bias,256,256,2311704,2311959
22: C3k2 -> Detect P5,Node 331: Sigmoid,DRAM_1,Weight/Bias,-,0,-,-
22: C3k2 -> Detect P5,Node 332: Mul,DRAM_1,Weight/Bias,-,0,-,-
23: Detect head,Node 333: Conv,DRAM_1,Weight,16x256x3x3,36864,2311960,2348823
23: Detect head,Node 333: Conv,DRAM_1,Bias,16,16,2348824,2348839
23: Detect head,Node 334: Conv,DRAM_1,Weight,256x1x3x3,2304,2348840,2351143
23: Detect head,Node 334: Conv,DRAM_1,Bias,256,256,2351144,2351399
23: Detect head,Node 335: Sigmoid,DRAM_1,Weight/Bias,-,0,-,-
23: Detect head,Node 336: Sigmoid,DRAM_1,Weight/Bias,-,0,-,-
23: Detect head,Node 337: Mul,DRAM_1,Weight/Bias,-,0,-,-
23: Detect head,Node 338: Mul,DRAM_1,Weight/Bias,-,0,-,-
23: Detect head,Node 339: Conv,DRAM_1,Weight,16x16x3x3,2304,2351400,2353703
23: Detect head,Node 339: Conv,DRAM_1,Bias,16,16,2353704,2353719
23: Detect head,Node 340: Conv,DRAM_1,Weight,64x256x1x1,16384,2353720,2370103
23: Detect head,Node 340: Conv,DRAM_1,Bias,64,64,2370104,2370167
23: Detect head,Node 341: Sigmoid,DRAM_1,Weight/Bias,-,0,-,-
23: Detect head,Node 342: Sigmoid,DRAM_1,Weight/Bias,-,0,-,-
23: Detect head,Node 343: Mul,DRAM_1,Weight/Bias,-,0,-,-
23: Detect head,Node 344: Mul,DRAM_1,Weight/Bias,-,0,-,-
23: Detect head,Node 345: Conv,DRAM_1,Weight,4x16x1x1,64,2370168,2370231
23: Detect head,Node 345: Conv,DRAM_1,Bias,4,4,2370232,2370235
23: Detect head,Node 346: Conv,DRAM_1,Weight,64x1x3x3,576,2370236,2370811
23: Detect head,Node 346: Conv,DRAM_1,Bias,64,64,2370812,2370875
23: Detect head,Node 347: Reshape,DRAM_1,Weight,3,3,2370876,2370878
23: Detect head,Node 348: Sigmoid,DRAM_1,Weight/Bias,-,0,-,-
23: Detect head,Node 349: Concat,DRAM_1,Weight/Bias,-,0,-,-
23: Detect head,Node 350: Mul,DRAM_1,Weight/Bias,-,0,-,-
23: Detect head,Node 351: Conv,DRAM_1,Weight,64x64x1x1,4096,2370879,2374974
23: Detect head,Node 351: Conv,DRAM_1,Bias,64,64,2374975,2375038
23: Detect head,Node 352: Slice,DRAM_1,Weight,1,1,2375039,2375039
23: Detect head,Node 352: Slice,DRAM_1,Weight,1,1,2375040,2375040
23: Detect head,Node 352: Slice,DRAM_1,Weight,1,1,2375041,2375041
23: Detect head,Node 353: Slice,DRAM_1,Weight,1,1,2375042,2375042
23: Detect head,Node 353: Slice,DRAM_1,Weight,1,1,2375043,2375043
23: Detect head,Node 353: Slice,DRAM_1,Weight,1,1,2375044,2375044
23: Detect head,Node 354: Sigmoid,DRAM_1,Weight/Bias,-,0,-,-
23: Detect head,Node 355: Sub,DRAM_1,Weight,1x2x8400,16800,2375045,2391844
23: Detect head,Node 356: Add,DRAM_1,Weight,1x2x8400,16800,2391845,2408644
23: Detect head,Node 357: Mul,DRAM_1,Weight/Bias,-,0,-,-
23: Detect head,Node 358: Concat,DRAM_1,Weight/Bias,-,0,-,-
23: Detect head,Node 359: Conv,DRAM_1,Weight,1x64x1x1,64,2408645,2408708
23: Detect head,Node 359: Conv,DRAM_1,Bias,1,1,2408709,2408709
23: Detect head,Node 360: Mul,DRAM_1,Weight,1x8400,8400,2408710,2417109
23: Detect head,Node 361: Reshape,DRAM_1,Weight,3,3,2417110,2417112
23: Detect head,Node 362: Concat,DRAM_1,Weight/Bias,-,0,-,-
23: Detect head,Node 363: Sigmoid,DRAM_1,Weight/Bias,-,0,-,-
23: Detect head,Node 364: Concat,DRAM_1,Weight/Bias,-,0,-,-
23: Detect head,Node 365: Transpose,DRAM_1,Weight/Bias,-,0,-,-
23: Detect head,Node 366: Split,DRAM_1,Weight,2,2,2417113,2417114
23: Detect head,Node 367: ReduceMax,DRAM_1,Weight/Bias,-,0,-,-
23: Detect head,Node 368: TopK,DRAM_1,Weight,1,1,2417115,2417115
23: Detect head,Node 369: Unsqueeze,DRAM_1,Weight,1,1,2417116,2417116
23: Detect head,Node 370: GatherElements,DRAM_1,Weight/Bias,-,0,-,-
23: Detect head,Node 371: Flatten,DRAM_1,Weight/Bias,-,0,-,-
23: Detect head,Node 372: TopK,DRAM_1,Weight,1,1,2417117,2417117
23: Detect head,Node 373: Unsqueeze,DRAM_1,Weight,1,1,2417118,2417118
23: Detect head,Node 374: Mod,DRAM_1,Weight,,1,2417119,2417119
23: Detect head,Node 375: Unsqueeze,DRAM_1,Weight,1,1,2417120,2417120
23: Detect head,Node 376: Unsqueeze,DRAM_1,Weight,1,1,2417121,2417121
23: Detect head,Node 377: GatherElements,DRAM_1,Weight/Bias,-,0,-,-
23: Detect head,Node 378: Cast,DRAM_1,Weight/Bias,-,0,-,-
23: Detect head,Node 379: Expand,DRAM_1,Weight,3,3,2417122,2417124
23: Detect head,Node 380: GatherElements,DRAM_1,Weight/Bias,-,0,-,-
23: Detect head,Node 381: Concat,DRAM_1,Weight/Bias,-,0,-,-
0: Conv (P1),Node 0: Conv,DRAM_2,Output,1x16x320x320,1638400,0,1638399
0: Conv (P1),Node 1: Sigmoid,DRAM_2,Output,1x16x320x320,1638400,1638400,3276799
0: Conv (P1),Node 2: Mul,DRAM_2,Output,1x16x320x320,1638400,3276800,4915199
1: Conv (P2),Node 3: Conv,DRAM_2,Output,1x32x160x160,819200,4915200,5734399
1: Conv (P2),Node 4: Sigmoid,DRAM_2,Output,1x32x160x160,819200,5734400,6553599
1: Conv (P2),Node 5: Mul,DRAM_2,Output,1x32x160x160,819200,6553600,7372799
2: C3k2 (P2),Node 6: Conv,DRAM_2,Output,1x32x160x160,819200,7372800,8191999
2: C3k2 (P2),Node 7: Sigmoid,DRAM_2,Output,1x32x160x160,819200,8192000,9011199
2: C3k2 (P2),Node 8: Mul,DRAM_2,Output,1x32x160x160,819200,9011200,9830399
2: C3k2 (P2),Node 9: Split,DRAM_2,Output,1x16x160x160,409600,9830400,10239999
2: C3k2 (P2),Node 10: Conv,DRAM_2,Output,1x8x160x160,204800,10240000,10444799
2: C3k2 (P2),Node 11: Sigmoid,DRAM_2,Output,1x8x160x160,204800,10444800,10649599
2: C3k2 (P2),Node 12: Mul,DRAM_2,Output,1x8x160x160,204800,10649600,10854399
2: C3k2 (P2),Node 13: Conv,DRAM_2,Output,1x16x160x160,409600,10854400,11263999
2: C3k2 (P2),Node 14: Sigmoid,DRAM_2,Output,1x16x160x160,409600,11264000,11673599
2: C3k2 (P2),Node 15: Mul,DRAM_2,Output,1x16x160x160,409600,11673600,12083199
2: C3k2 (P2),Node 16: Add,DRAM_2,Output,1x16x160x160,409600,12083200,12492799
2: C3k2 (P2),Node 17: Concat,DRAM_2,Output,1x48x160x160,1228800,12492800,13721599
2: C3k2 (P2),Node 18: Conv,DRAM_2,Output,1x64x160x160,1638400,13721600,15359999
2: C3k2 (P2),Node 19: Sigmoid,DRAM_2,Output,1x64x160x160,1638400,15360000,16998399
2: C3k2 (P2),Node 20: Mul,DRAM_2,Output,1x64x160x160,1638400,16998400,18636799
3: Conv (P3),Node 21: Conv,DRAM_2,Output,1x64x80x80,409600,18636800,19046399
3: Conv (P3),Node 22: Sigmoid,DRAM_2,Output,1x64x80x80,409600,19046400,19455999
3: Conv (P3),Node 23: Mul,DRAM_2,Output,1x64x80x80,409600,19456000,19865599
4: C3k2 (P3),Node 24: Conv,DRAM_2,Output,1x64x80x80,409600,19865600,20275199
4: C3k2 (P3),Node 25: Sigmoid,DRAM_2,Output,1x64x80x80,409600,20275200,20684799
4: C3k2 (P3),Node 26: Mul,DRAM_2,Output,1x64x80x80,409600,20684800,21094399
4: C3k2 (P3),Node 27: Split,DRAM_2,Output,1x32x80x80,204800,21094400,21299199
4: C3k2 (P3),Node 28: Conv,DRAM_2,Output,1x16x80x80,102400,21299200,21401599
4: C3k2 (P3),Node 29: Sigmoid,DRAM_2,Output,1x16x80x80,102400,21401600,21503999
4: C3k2 (P3),Node 30: Mul,DRAM_2,Output,1x16x80x80,102400,21504000,21606399
4: C3k2 (P3),Node 31: Conv,DRAM_2,Output,1x32x80x80,204800,21606400,21811199
4: C3k2 (P3),Node 32: Sigmoid,DRAM_2,Output,1x32x80x80,204800,21811200,22015999
4: C3k2 (P3),Node 33: Mul,DRAM_2,Output,1x32x80x80,204800,22016000,22220799
4: C3k2 (P3),Node 34: Add,DRAM_2,Output,1x32x80x80,204800,22220800,22425599
4: C3k2 (P3),Node 35: Concat,DRAM_2,Output,1x96x80x80,614400,22425600,23039999
4: C3k2 (P3),Node 36: Conv,DRAM_2,Output,1x128x80x80,819200,23040000,23859199
4: C3k2 (P3),Node 37: Sigmoid,DRAM_2,Output,1x128x80x80,819200,23859200,24678399
4: C3k2 (P3),Node 38: Mul,DRAM_2,Output,1x128x80x80,819200,24678400,25497599
5: Conv (P4),Node 39: Conv,DRAM_2,Output,1x128x40x40,204800,25497600,25702399
5: Conv (P4),Node 40: Sigmoid,DRAM_2,Output,1x128x40x40,204800,25702400,25907199
5: Conv (P4),Node 41: Mul,DRAM_2,Output,1x128x40x40,204800,25907200,26111999
6: C3k2 (P4),Node 42: Conv,DRAM_2,Output,1x128x40x40,204800,26112000,26316799
6: C3k2 (P4),Node 43: Sigmoid,DRAM_2,Output,1x128x40x40,204800,26316800,26521599
6: C3k2 (P4),Node 44: Mul,DRAM_2,Output,1x128x40x40,204800,26521600,26726399
6: C3k2 (P4),Node 45: Split,DRAM_2,Output,1x64x40x40,102400,26726400,26828799
6: C3k2 (P4),Node 46: Conv,DRAM_2,Output,1x32x40x40,51200,26828800,26879999
6: C3k2 (P4),Node 47: Conv,DRAM_2,Output,1x32x40x40,51200,26880000,26931199
6: C3k2 (P4),Node 48: Sigmoid,DRAM_2,Output,1x32x40x40,51200,26931200,26982399
6: C3k2 (P4),Node 49: Sigmoid,DRAM_2,Output,1x32x40x40,51200,26982400,27033599
6: C3k2 (P4),Node 50: Mul,DRAM_2,Output,1x32x40x40,51200,27033600,27084799
6: C3k2 (P4),Node 51: Mul,DRAM_2,Output,1x32x40x40,51200,27084800,27135999
6: C3k2 (P4),Node 52: Conv,DRAM_2,Output,1x32x40x40,51200,27136000,27187199
6: C3k2 (P4),Node 53: Sigmoid,DRAM_2,Output,1x32x40x40,51200,27187200,27238399
6: C3k2 (P4),Node 54: Mul,DRAM_2,Output,1x32x40x40,51200,27238400,27289599
6: C3k2 (P4),Node 55: Conv,DRAM_2,Output,1x32x40x40,51200,27289600,27340799
6: C3k2 (P4),Node 56: Sigmoid,DRAM_2,Output,1x32x40x40,51200,27340800,27391999
6: C3k2 (P4),Node 57: Mul,DRAM_2,Output,1x32x40x40,51200,27392000,27443199
6: C3k2 (P4),Node 58: Add,DRAM_2,Output,1x32x40x40,51200,27443200,27494399
6: C3k2 (P4),Node 59: Conv,DRAM_2,Output,1x32x40x40,51200,27494400,27545599
6: C3k2 (P4),Node 60: Sigmoid,DRAM_2,Output,1x32x40x40,51200,27545600,27596799
6: C3k2 (P4),Node 61: Mul,DRAM_2,Output,1x32x40x40,51200,27596800,27647999
6: C3k2 (P4),Node 62: Conv,DRAM_2,Output,1x32x40x40,51200,27648000,27699199
6: C3k2 (P4),Node 63: Sigmoid,DRAM_2,Output,1x32x40x40,51200,27699200,27750399
6: C3k2 (P4),Node 64: Mul,DRAM_2,Output,1x32x40x40,51200,27750400,27801599
6: C3k2 (P4),Node 65: Add,DRAM_2,Output,1x32x40x40,51200,27801600,27852799
6: C3k2 (P4),Node 66: Concat,DRAM_2,Output,1x64x40x40,102400,27852800,27955199
6: C3k2 (P4),Node 67: Conv,DRAM_2,Output,1x64x40x40,102400,27955200,28057599
6: C3k2 (P4),Node 68: Sigmoid,DRAM_2,Output,1x64x40x40,102400,28057600,28159999
6: C3k2 (P4),Node 69: Mul,DRAM_2,Output,1x64x40x40,102400,28160000,28262399
6: C3k2 (P4),Node 70: Concat,DRAM_2,Output,1x192x40x40,307200,28262400,28569599
6: C3k2 (P4),Node 71: Conv,DRAM_2,Output,1x128x40x40,204800,28569600,28774399
6: C3k2 (P4),Node 72: Sigmoid,DRAM_2,Output,1x128x40x40,204800,28774400,28979199
6: C3k2 (P4),Node 73: Mul,DRAM_2,Output,1x128x40x40,204800,28979200,29183999
7: Conv (P5),Node 74: Conv,DRAM_2,Output,1x256x20x20,102400,29184000,29286399
7: Conv (P5),Node 75: Sigmoid,DRAM_2,Output,1x256x20x20,102400,29286400,29388799
7: Conv (P5),Node 76: Mul,DRAM_2,Output,1x256x20x20,102400,29388800,29491199
8: C3k2 (P5),Node 77: Conv,DRAM_2,Output,1x256x20x20,102400,29491200,29593599
8: C3k2 (P5),Node 78: Sigmoid,DRAM_2,Output,1x256x20x20,102400,29593600,29695999
8: C3k2 (P5),Node 79: Mul,DRAM_2,Output,1x256x20x20,102400,29696000,29798399
8: C3k2 (P5),Node 80: Split,DRAM_2,Output,1x128x20x20,51200,29798400,29849599
8: C3k2 (P5),Node 81: Conv,DRAM_2,Output,1x64x20x20,25600,29849600,29875199
8: C3k2 (P5),Node 82: Conv,DRAM_2,Output,1x64x20x20,25600,29875200,29900799
8: C3k2 (P5),Node 83: Sigmoid,DRAM_2,Output,1x64x20x20,25600,29900800,29926399
8: C3k2 (P5),Node 84: Sigmoid,DRAM_2,Output,1x64x20x20,25600,29926400,29951999
8: C3k2 (P5),Node 85: Mul,DRAM_2,Output,1x64x20x20,25600,29952000,29977599
8: C3k2 (P5),Node 86: Mul,DRAM_2,Output,1x64x20x20,25600,29977600,30003199
8: C3k2 (P5),Node 87: Conv,DRAM_2,Output,1x64x20x20,25600,30003200,30028799
8: C3k2 (P5),Node 88: Sigmoid,DRAM_2,Output,1x64x20x20,25600,30028800,30054399
8: C3k2 (P5),Node 89: Mul,DRAM_2,Output,1x64x20x20,25600,30054400,30079999
8: C3k2 (P5),Node 90: Conv,DRAM_2,Output,1x64x20x20,25600,30080000,30105599
8: C3k2 (P5),Node 91: Sigmoid,DRAM_2,Output,1x64x20x20,25600,30105600,30131199
8: C3k2 (P5),Node 92: Mul,DRAM_2,Output,1x64x20x20,25600,30131200,30156799
8: C3k2 (P5),Node 93: Add,DRAM_2,Output,1x64x20x20,25600,30156800,30182399
8: C3k2 (P5),Node 94: Conv,DRAM_2,Output,1x64x20x20,25600,30182400,30207999
8: C3k2 (P5),Node 95: Sigmoid,DRAM_2,Output,1x64x20x20,25600,30208000,30233599
8: C3k2 (P5),Node 96: Mul,DRAM_2,Output,1x64x20x20,25600,30233600,30259199
8: C3k2 (P5),Node 97: Conv,DRAM_2,Output,1x64x20x20,25600,30259200,30284799
8: C3k2 (P5),Node 98: Sigmoid,DRAM_2,Output,1x64x20x20,25600,30284800,30310399
8: C3k2 (P5),Node 99: Mul,DRAM_2,Output,1x64x20x20,25600,30310400,30335999
8: C3k2 (P5),Node 100: Add,DRAM_2,Output,1x64x20x20,25600,30336000,30361599
8: C3k2 (P5),Node 101: Concat,DRAM_2,Output,1x128x20x20,51200,30361600,30412799
8: C3k2 (P5),Node 102: Conv,DRAM_2,Output,1x128x20x20,51200,30412800,30463999
8: C3k2 (P5),Node 103: Sigmoid,DRAM_2,Output,1x128x20x20,51200,30464000,30515199
8: C3k2 (P5),Node 104: Mul,DRAM_2,Output,1x128x20x20,51200,30515200,30566399
8: C3k2 (P5),Node 105: Concat,DRAM_2,Output,1x384x20x20,153600,30566400,30719999
8: C3k2 (P5),Node 106: Conv,DRAM_2,Output,1x256x20x20,102400,30720000,30822399
8: C3k2 (P5),Node 107: Sigmoid,DRAM_2,Output,1x256x20x20,102400,30822400,30924799
8: C3k2 (P5),Node 108: Mul,DRAM_2,Output,1x256x20x20,102400,30924800,31027199
9:00,Node 109: Conv,DRAM_2,Output,1x128x20x20,51200,31027200,31078399
9:00,Node 110: MaxPool,DRAM_2,Output,1x128x20x20,51200,31078400,31129599
9:00,Node 111: MaxPool,DRAM_2,Output,1x128x20x20,51200,31129600,31180799
9:00,Node 112: MaxPool,DRAM_2,Output,1x128x20x20,51200,31180800,31231999
9:00,Node 113: Concat,DRAM_2,Output,1x512x20x20,204800,31232000,31436799
9:00,Node 114: Conv,DRAM_2,Output,1x256x20x20,102400,31436800,31539199
9:00,Node 115: Sigmoid,DRAM_2,Output,1x256x20x20,102400,31539200,31641599
9:00,Node 116: Mul,DRAM_2,Output,1x256x20x20,102400,31641600,31743999
9:00,Node 117: Add,DRAM_2,Output,1x256x20x20,102400,31744000,31846399
10: C2PSA,Node 118: Conv,DRAM_2,Output,1x256x20x20,102400,31846400,31948799
10: C2PSA,Node 119: Sigmoid,DRAM_2,Output,1x256x20x20,102400,31948800,32051199
10: C2PSA,Node 120: Mul,DRAM_2,Output,1x256x20x20,102400,32051200,32153599
10: C2PSA,Node 121: Split,DRAM_2,Output,1x128x20x20,51200,32153600,32204799
10: C2PSA,Node 122: Conv,DRAM_2,Output,1x256x20x20,102400,32204800,32307199
10: C2PSA,Node 123: Reshape,DRAM_2,Output,1x2x128x400,102400,32307200,32409599
10: C2PSA,Node 124: Split,DRAM_2,Output,1x2x32x400,25600,32409600,32435199
10: C2PSA,Node 125: Mul,DRAM_2,Output,1x2x32x400,25600,32435200,32460799
10: C2PSA,Node 126: Reshape,DRAM_2,Output,1x128x20x20,51200,32460800,32511999
10: C2PSA,Node 127: Transpose,DRAM_2,Output,1x2x400x32,25600,32512000,32537599
10: C2PSA,Node 128: Conv,DRAM_2,Output,1x128x20x20,51200,32537600,32588799
10: C2PSA,Node 129: MatMul,DRAM_2,Output,1x2x400x400,320000,32588800,32908799
10: C2PSA,Node 130: Softmax,DRAM_2,Output,1x2x400x400,320000,32908800,33228799
10: C2PSA,Node 131: Transpose,DRAM_2,Output,1x2x400x400,320000,33228800,33548799
10: C2PSA,Node 132: MatMul,DRAM_2,Output,1x2x64x400,51200,33548800,33599999
10: C2PSA,Node 133: Reshape,DRAM_2,Output,1x128x20x20,51200,33600000,33651199
10: C2PSA,Node 134: Add,DRAM_2,Output,1x128x20x20,51200,33651200,33702399
10: C2PSA,Node 135: Conv,DRAM_2,Output,1x128x20x20,51200,33702400,33753599
10: C2PSA,Node 136: Add,DRAM_2,Output,1x128x20x20,51200,33753600,33804799
10: C2PSA,Node 137: Conv,DRAM_2,Output,1x256x20x20,102400,33804800,33907199
10: C2PSA,Node 138: Sigmoid,DRAM_2,Output,1x256x20x20,102400,33907200,34009599
10: C2PSA,Node 139: Mul,DRAM_2,Output,1x256x20x20,102400,34009600,34111999
10: C2PSA,Node 140: Conv,DRAM_2,Output,1x128x20x20,51200,34112000,34163199
10: C2PSA,Node 141: Add,DRAM_2,Output,1x128x20x20,51200,34163200,34214399
10: C2PSA,Node 142: Concat,DRAM_2,Output,1x256x20x20,102400,34214400,34316799
10: C2PSA,Node 143: Conv,DRAM_2,Output,1x256x20x20,102400,34316800,34419199
10: C2PSA,Node 144: Sigmoid,DRAM_2,Output,1x256x20x20,102400,34419200,34521599
10: C2PSA,Node 145: Mul,DRAM_2,Output,1x256x20x20,102400,34521600,34623999
11:00,Node 146: Resize,DRAM_2,Output,1x256x40x40,409600,34624000,35033599
12:00,Node 147: Concat,DRAM_2,Output,1x384x40x40,614400,35033600,35647999
13: C3k2,Node 148: Conv,DRAM_2,Output,1x128x40x40,204800,35648000,35852799
13: C3k2,Node 149: Sigmoid,DRAM_2,Output,1x128x40x40,204800,35852800,36057599
13: C3k2,Node 150: Mul,DRAM_2,Output,1x128x40x40,204800,36057600,36262399
13: C3k2,Node 151: Split,DRAM_2,Output,1x64x40x40,102400,36262400,36364799
13: C3k2,Node 152: Conv,DRAM_2,Output,1x32x40x40,51200,36364800,36415999
13: C3k2,Node 153: Conv,DRAM_2,Output,1x32x40x40,51200,36416000,36467199
13: C3k2,Node 154: Sigmoid,DRAM_2,Output,1x32x40x40,51200,36467200,36518399
13: C3k2,Node 155: Sigmoid,DRAM_2,Output,1x32x40x40,51200,36518400,36569599
13: C3k2,Node 156: Mul,DRAM_2,Output,1x32x40x40,51200,36569600,36620799
13: C3k2,Node 157: Mul,DRAM_2,Output,1x32x40x40,51200,36620800,36671999
13: C3k2,Node 158: Conv,DRAM_2,Output,1x32x40x40,51200,36672000,36723199
13: C3k2,Node 159: Sigmoid,DRAM_2,Output,1x32x40x40,51200,36723200,36774399
13: C3k2,Node 160: Mul,DRAM_2,Output,1x32x40x40,51200,36774400,36825599
13: C3k2,Node 161: Conv,DRAM_2,Output,1x32x40x40,51200,36825600,36876799
13: C3k2,Node 162: Sigmoid,DRAM_2,Output,1x32x40x40,51200,36876800,36927999
13: C3k2,Node 163: Mul,DRAM_2,Output,1x32x40x40,51200,36928000,36979199
13: C3k2,Node 164: Add,DRAM_2,Output,1x32x40x40,51200,36979200,37030399
13: C3k2,Node 165: Conv,DRAM_2,Output,1x32x40x40,51200,37030400,37081599
13: C3k2,Node 166: Sigmoid,DRAM_2,Output,1x32x40x40,51200,37081600,37132799
13: C3k2,Node 167: Mul,DRAM_2,Output,1x32x40x40,51200,37132800,37183999
13: C3k2,Node 168: Conv,DRAM_2,Output,1x32x40x40,51200,37184000,37235199
13: C3k2,Node 169: Sigmoid,DRAM_2,Output,1x32x40x40,51200,37235200,37286399
13: C3k2,Node 170: Mul,DRAM_2,Output,1x32x40x40,51200,37286400,37337599
13: C3k2,Node 171: Add,DRAM_2,Output,1x32x40x40,51200,37337600,37388799
13: C3k2,Node 172: Concat,DRAM_2,Output,1x64x40x40,102400,37388800,37491199
13: C3k2,Node 173: Conv,DRAM_2,Output,1x64x40x40,102400,37491200,37593599
13: C3k2,Node 174: Sigmoid,DRAM_2,Output,1x64x40x40,102400,37593600,37695999
13: C3k2,Node 175: Mul,DRAM_2,Output,1x64x40x40,102400,37696000,37798399
13: C3k2,Node 176: Concat,DRAM_2,Output,1x192x40x40,307200,37798400,38105599
13: C3k2,Node 177: Conv,DRAM_2,Output,1x128x40x40,204800,38105600,38310399
13: C3k2,Node 178: Sigmoid,DRAM_2,Output,1x128x40x40,204800,38310400,38515199
13: C3k2,Node 179: Mul,DRAM_2,Output,1x128x40x40,204800,38515200,38719999
14:00,Node 180: Resize,DRAM_2,Output,1x128x80x80,819200,38720000,39539199
15:00,Node 181: Concat,DRAM_2,Output,1x256x80x80,1638400,39539200,41177599
16: C3k2 -> Detect P3,Node 182: Conv,DRAM_2,Output,1x64x80x80,409600,41177600,41587199
16: C3k2 -> Detect P3,Node 183: Sigmoid,DRAM_2,Output,1x64x80x80,409600,41587200,41996799
16: C3k2 -> Detect P3,Node 184: Mul,DRAM_2,Output,1x64x80x80,409600,41996800,42406399
16: C3k2 -> Detect P3,Node 185: Split,DRAM_2,Output,1x32x80x80,204800,42406400,42611199
16: C3k2 -> Detect P3,Node 186: Conv,DRAM_2,Output,1x16x80x80,102400,42611200,42713599
16: C3k2 -> Detect P3,Node 187: Conv,DRAM_2,Output,1x16x80x80,102400,42713600,42815999
16: C3k2 -> Detect P3,Node 188: Sigmoid,DRAM_2,Output,1x16x80x80,102400,42816000,42918399
16: C3k2 -> Detect P3,Node 189: Sigmoid,DRAM_2,Output,1x16x80x80,102400,42918400,43020799
16: C3k2 -> Detect P3,Node 190: Mul,DRAM_2,Output,1x16x80x80,102400,43020800,43123199
16: C3k2 -> Detect P3,Node 191: Mul,DRAM_2,Output,1x16x80x80,102400,43123200,43225599
16: C3k2 -> Detect P3,Node 192: Conv,DRAM_2,Output,1x16x80x80,102400,43225600,43327999
16: C3k2 -> Detect P3,Node 193: Sigmoid,DRAM_2,Output,1x16x80x80,102400,43328000,43430399
16: C3k2 -> Detect P3,Node 194: Mul,DRAM_2,Output,1x16x80x80,102400,43430400,43532799
16: C3k2 -> Detect P3,Node 195: Conv,DRAM_2,Output,1x16x80x80,102400,43532800,43635199
16: C3k2 -> Detect P3,Node 196: Sigmoid,DRAM_2,Output,1x16x80x80,102400,43635200,43737599
16: C3k2 -> Detect P3,Node 197: Mul,DRAM_2,Output,1x16x80x80,102400,43737600,43839999
16: C3k2 -> Detect P3,Node 198: Add,DRAM_2,Output,1x16x80x80,102400,43840000,43942399
16: C3k2 -> Detect P3,Node 199: Conv,DRAM_2,Output,1x16x80x80,102400,43942400,44044799
16: C3k2 -> Detect P3,Node 200: Sigmoid,DRAM_2,Output,1x16x80x80,102400,44044800,44147199
16: C3k2 -> Detect P3,Node 201: Mul,DRAM_2,Output,1x16x80x80,102400,44147200,44249599
16: C3k2 -> Detect P3,Node 202: Conv,DRAM_2,Output,1x16x80x80,102400,44249600,44351999
16: C3k2 -> Detect P3,Node 203: Sigmoid,DRAM_2,Output,1x16x80x80,102400,44352000,44454399
16: C3k2 -> Detect P3,Node 204: Mul,DRAM_2,Output,1x16x80x80,102400,44454400,44556799
16: C3k2 -> Detect P3,Node 205: Add,DRAM_2,Output,1x16x80x80,102400,44556800,44659199
16: C3k2 -> Detect P3,Node 206: Concat,DRAM_2,Output,1x32x80x80,204800,44659200,44863999
16: C3k2 -> Detect P3,Node 207: Conv,DRAM_2,Output,1x32x80x80,204800,44864000,45068799
16: C3k2 -> Detect P3,Node 208: Sigmoid,DRAM_2,Output,1x32x80x80,204800,45068800,45273599
16: C3k2 -> Detect P3,Node 209: Mul,DRAM_2,Output,1x32x80x80,204800,45273600,45478399
16: C3k2 -> Detect P3,Node 210: Concat,DRAM_2,Output,1x96x80x80,614400,45478400,46092799
16: C3k2 -> Detect P3,Node 211: Conv,DRAM_2,Output,1x64x80x80,409600,46092800,46502399
16: C3k2 -> Detect P3,Node 212: Sigmoid,DRAM_2,Output,1x64x80x80,409600,46502400,46911999
16: C3k2 -> Detect P3,Node 213: Mul,DRAM_2,Output,1x64x80x80,409600,46912000,47321599
17: Conv P3->P4,Node 214: Conv,DRAM_2,Output,1x64x40x40,102400,47321600,47423999
23: Detect head,Node 215: Conv,DRAM_2,Output,1x16x80x80,102400,47424000,47526399
23: Detect head,Node 216: Conv,DRAM_2,Output,1x64x80x80,409600,47526400,47935999
17: Conv P3->P4,Node 217: Sigmoid,DRAM_2,Output,1x64x40x40,102400,47936000,48038399
23: Detect head,Node 218: Sigmoid,DRAM_2,Output,1x16x80x80,102400,48038400,48140799
23: Detect head,Node 219: Sigmoid,DRAM_2,Output,1x64x80x80,409600,48140800,48550399
17: Conv P3->P4,Node 220: Mul,DRAM_2,Output,1x64x40x40,102400,48550400,48652799
23: Detect head,Node 221: Mul,DRAM_2,Output,1x16x80x80,102400,48652800,48755199
23: Detect head,Node 222: Mul,DRAM_2,Output,1x64x80x80,409600,48755200,49164799
18:00,Node 223: Concat,DRAM_2,Output,1x192x40x40,307200,49164800,49471999
23: Detect head,Node 224: Conv,DRAM_2,Output,1x16x80x80,102400,49472000,49574399
23: Detect head,Node 225: Conv,DRAM_2,Output,1x64x80x80,409600,49574400,49983999
19: C3k2 -> Detect P4,Node 226: Conv,DRAM_2,Output,1x128x40x40,204800,49984000,50188799
23: Detect head,Node 227: Sigmoid,DRAM_2,Output,1x16x80x80,102400,50188800,50291199
23: Detect head,Node 228: Sigmoid,DRAM_2,Output,1x64x80x80,409600,50291200,50700799
19: C3k2 -> Detect P4,Node 229: Sigmoid,DRAM_2,Output,1x128x40x40,204800,50700800,50905599
23: Detect head,Node 230: Mul,DRAM_2,Output,1x16x80x80,102400,50905600,51007999
23: Detect head,Node 231: Mul,DRAM_2,Output,1x64x80x80,409600,51008000,51417599
19: C3k2 -> Detect P4,Node 232: Mul,DRAM_2,Output,1x128x40x40,204800,51417600,51622399
23: Detect head,Node 233: Conv,DRAM_2,Output,1x4x80x80,25600,51622400,51647999
23: Detect head,Node 234: Conv,DRAM_2,Output,1x64x80x80,409600,51648000,52057599
19: C3k2 -> Detect P4,Node 235: Split,DRAM_2,Output,1x64x40x40,102400,52057600,52159999
23: Detect head,Node 236: Reshape,DRAM_2,Output,1x4x6400,25600,52160000,52185599
23: Detect head,Node 237: Sigmoid,DRAM_2,Output,1x64x80x80,409600,52185600,52595199
19: C3k2 -> Detect P4,Node 238: Conv,DRAM_2,Output,1x32x40x40,51200,52595200,52646399
19: C3k2 -> Detect P4,Node 239: Conv,DRAM_2,Output,1x32x40x40,51200,52646400,52697599
23: Detect head,Node 240: Mul,DRAM_2,Output,1x64x80x80,409600,52697600,53107199
19: C3k2 -> Detect P4,Node 241: Sigmoid,DRAM_2,Output,1x32x40x40,51200,53107200,53158399
19: C3k2 -> Detect P4,Node 242: Sigmoid,DRAM_2,Output,1x32x40x40,51200,53158400,53209599
23: Detect head,Node 243: Conv,DRAM_2,Output,1x64x80x80,409600,53209600,53619199
19: C3k2 -> Detect P4,Node 244: Mul,DRAM_2,Output,1x32x40x40,51200,53619200,53670399
19: C3k2 -> Detect P4,Node 245: Mul,DRAM_2,Output,1x32x40x40,51200,53670400,53721599
23: Detect head,Node 246: Sigmoid,DRAM_2,Output,1x64x80x80,409600,53721600,54131199
19: C3k2 -> Detect P4,Node 247: Conv,DRAM_2,Output,1x32x40x40,51200,54131200,54182399
23: Detect head,Node 248: Mul,DRAM_2,Output,1x64x80x80,409600,54182400,54591999
19: C3k2 -> Detect P4,Node 249: Sigmoid,DRAM_2,Output,1x32x40x40,51200,54592000,54643199
23: Detect head,Node 250: Conv,DRAM_2,Output,1x1x80x80,6400,54643200,54649599
19: C3k2 -> Detect P4,Node 251: Mul,DRAM_2,Output,1x32x40x40,51200,54649600,54700799
23: Detect head,Node 252: Reshape,DRAM_2,Output,1x1x6400,6400,54700800,54707199
19: C3k2 -> Detect P4,Node 253: Conv,DRAM_2,Output,1x32x40x40,51200,54707200,54758399
19: C3k2 -> Detect P4,Node 254: Sigmoid,DRAM_2,Output,1x32x40x40,51200,54758400,54809599
19: C3k2 -> Detect P4,Node 255: Mul,DRAM_2,Output,1x32x40x40,51200,54809600,54860799
19: C3k2 -> Detect P4,Node 256: Add,DRAM_2,Output,1x32x40x40,51200,54860800,54911999
19: C3k2 -> Detect P4,Node 257: Conv,DRAM_2,Output,1x32x40x40,51200,54912000,54963199
19: C3k2 -> Detect P4,Node 258: Sigmoid,DRAM_2,Output,1x32x40x40,51200,54963200,55014399
19: C3k2 -> Detect P4,Node 259: Mul,DRAM_2,Output,1x32x40x40,51200,55014400,55065599
19: C3k2 -> Detect P4,Node 260: Conv,DRAM_2,Output,1x32x40x40,51200,55065600,55116799
19: C3k2 -> Detect P4,Node 261: Sigmoid,DRAM_2,Output,1x32x40x40,51200,55116800,55167999
19: C3k2 -> Detect P4,Node 262: Mul,DRAM_2,Output,1x32x40x40,51200,55168000,55219199
19: C3k2 -> Detect P4,Node 263: Add,DRAM_2,Output,1x32x40x40,51200,55219200,55270399
19: C3k2 -> Detect P4,Node 264: Concat,DRAM_2,Output,1x64x40x40,102400,55270400,55372799
19: C3k2 -> Detect P4,Node 265: Conv,DRAM_2,Output,1x64x40x40,102400,55372800,55475199
19: C3k2 -> Detect P4,Node 266: Sigmoid,DRAM_2,Output,1x64x40x40,102400,55475200,55577599
19: C3k2 -> Detect P4,Node 267: Mul,DRAM_2,Output,1x64x40x40,102400,55577600,55679999
19: C3k2 -> Detect P4,Node 268: Concat,DRAM_2,Output,1x192x40x40,307200,55680000,55987199
19: C3k2 -> Detect P4,Node 269: Conv,DRAM_2,Output,1x128x40x40,204800,55987200,56191999
19: C3k2 -> Detect P4,Node 270: Sigmoid,DRAM_2,Output,1x128x40x40,204800,56192000,56396799
19: C3k2 -> Detect P4,Node 271: Mul,DRAM_2,Output,1x128x40x40,204800,56396800,56601599
20: Conv P4->P5,Node 272: Conv,DRAM_2,Output,1x128x20x20,51200,56601600,56652799
23: Detect head,Node 273: Conv,DRAM_2,Output,1x16x40x40,25600,56652800,56678399
23: Detect head,Node 274: Conv,DRAM_2,Output,1x128x40x40,204800,56678400,56883199
20: Conv P4->P5,Node 275: Sigmoid,DRAM_2,Output,1x128x20x20,51200,56883200,56934399
23: Detect head,Node 276: Sigmoid,DRAM_2,Output,1x16x40x40,25600,56934400,56959999
23: Detect head,Node 277: Sigmoid,DRAM_2,Output,1x128x40x40,204800,56960000,57164799
20: Conv P4->P5,Node 278: Mul,DRAM_2,Output,1x128x20x20,51200,57164800,57215999
23: Detect head,Node 279: Mul,DRAM_2,Output,1x16x40x40,25600,57216000,57241599
23: Detect head,Node 280: Mul,DRAM_2,Output,1x128x40x40,204800,57241600,57446399
21:00,Node 281: Concat,DRAM_2,Output,1x384x20x20,153600,57446400,57599999
23: Detect head,Node 282: Conv,DRAM_2,Output,1x16x40x40,25600,57600000,57625599
23: Detect head,Node 283: Conv,DRAM_2,Output,1x64x40x40,102400,57625600,57727999
22: C3k2 -> Detect P5,Node 284: Conv,DRAM_2,Output,1x256x20x20,102400,57728000,57830399
23: Detect head,Node 285: Sigmoid,DRAM_2,Output,1x16x40x40,25600,57830400,57855999
23: Detect head,Node 286: Sigmoid,DRAM_2,Output,1x64x40x40,102400,57856000,57958399
22: C3k2 -> Detect P5,Node 287: Sigmoid,DRAM_2,Output,1x256x20x20,102400,57958400,58060799
23: Detect head,Node 288: Mul,DRAM_2,Output,1x16x40x40,25600,58060800,58086399
23: Detect head,Node 289: Mul,DRAM_2,Output,1x64x40x40,102400,58086400,58188799
22: C3k2 -> Detect P5,Node 290: Mul,DRAM_2,Output,1x256x20x20,102400,58188800,58291199
23: Detect head,Node 291: Conv,DRAM_2,Output,1x4x40x40,6400,58291200,58297599
23: Detect head,Node 292: Conv,DRAM_2,Output,1x64x40x40,102400,58297600,58399999
22: C3k2 -> Detect P5,Node 293: Split,DRAM_2,Output,1x128x20x20,51200,58400000,58451199
23: Detect head,Node 294: Reshape,DRAM_2,Output,1x4x1600,6400,58451200,58457599
23: Detect head,Node 295: Sigmoid,DRAM_2,Output,1x64x40x40,102400,58457600,58559999
22: C3k2 -> Detect P5,Node 296: Conv,DRAM_2,Output,1x64x20x20,25600,58560000,58585599
23: Detect head,Node 297: Mul,DRAM_2,Output,1x64x40x40,102400,58585600,58687999
22: C3k2 -> Detect P5,Node 298: Sigmoid,DRAM_2,Output,1x64x20x20,25600,58688000,58713599
23: Detect head,Node 299: Conv,DRAM_2,Output,1x64x40x40,102400,58713600,58815999
22: C3k2 -> Detect P5,Node 300: Mul,DRAM_2,Output,1x64x20x20,25600,58816000,58841599
23: Detect head,Node 301: Sigmoid,DRAM_2,Output,1x64x40x40,102400,58841600,58943999
22: C3k2 -> Detect P5,Node 302: Conv,DRAM_2,Output,1x128x20x20,51200,58944000,58995199
23: Detect head,Node 303: Mul,DRAM_2,Output,1x64x40x40,102400,58995200,59097599
22: C3k2 -> Detect P5,Node 304: Sigmoid,DRAM_2,Output,1x128x20x20,51200,59097600,59148799
23: Detect head,Node 305: Conv,DRAM_2,Output,1x1x40x40,1600,59148800,59150399
22: C3k2 -> Detect P5,Node 306: Mul,DRAM_2,Output,1x128x20x20,51200,59150400,59201599
23: Detect head,Node 307: Reshape,DRAM_2,Output,1x1x1600,1600,59201600,59203199
22: C3k2 -> Detect P5,Node 308: Add,DRAM_2,Output,1x128x20x20,51200,59203200,59254399
22: C3k2 -> Detect P5,Node 309: Conv,DRAM_2,Output,1x256x20x20,102400,59254400,59356799
22: C3k2 -> Detect P5,Node 310: Reshape,DRAM_2,Output,1x2x128x400,102400,59356800,59459199
22: C3k2 -> Detect P5,Node 311: Split,DRAM_2,Output,1x2x32x400,25600,59459200,59484799
22: C3k2 -> Detect P5,Node 312: Mul,DRAM_2,Output,1x2x32x400,25600,59484800,59510399
22: C3k2 -> Detect P5,Node 313: Reshape,DRAM_2,Output,1x128x20x20,51200,59510400,59561599
22: C3k2 -> Detect P5,Node 314: Transpose,DRAM_2,Output,1x2x400x32,25600,59561600,59587199
22: C3k2 -> Detect P5,Node 315: Conv,DRAM_2,Output,1x128x20x20,51200,59587200,59638399
22: C3k2 -> Detect P5,Node 316: MatMul,DRAM_2,Output,1x2x400x400,320000,59638400,59958399
22: C3k2 -> Detect P5,Node 317: Softmax,DRAM_2,Output,1x2x400x400,320000,59958400,60278399
22: C3k2 -> Detect P5,Node 318: Transpose,DRAM_2,Output,1x2x400x400,320000,60278400,60598399
22: C3k2 -> Detect P5,Node 319: MatMul,DRAM_2,Output,1x2x64x400,51200,60598400,60649599
22: C3k2 -> Detect P5,Node 320: Reshape,DRAM_2,Output,1x128x20x20,51200,60649600,60700799
22: C3k2 -> Detect P5,Node 321: Add,DRAM_2,Output,1x128x20x20,51200,60700800,60751999
22: C3k2 -> Detect P5,Node 322: Conv,DRAM_2,Output,1x128x20x20,51200,60752000,60803199
22: C3k2 -> Detect P5,Node 323: Add,DRAM_2,Output,1x128x20x20,51200,60803200,60854399
22: C3k2 -> Detect P5,Node 324: Conv,DRAM_2,Output,1x256x20x20,102400,60854400,60956799
22: C3k2 -> Detect P5,Node 325: Sigmoid,DRAM_2,Output,1x256x20x20,102400,60956800,61059199
22: C3k2 -> Detect P5,Node 326: Mul,DRAM_2,Output,1x256x20x20,102400,61059200,61161599
22: C3k2 -> Detect P5,Node 327: Conv,DRAM_2,Output,1x128x20x20,51200,61161600,61212799
22: C3k2 -> Detect P5,Node 328: Add,DRAM_2,Output,1x128x20x20,51200,61212800,61263999
22: C3k2 -> Detect P5,Node 329: Concat,DRAM_2,Output,1x384x20x20,153600,61264000,61417599
22: C3k2 -> Detect P5,Node 330: Conv,DRAM_2,Output,1x256x20x20,102400,61417600,61519999
22: C3k2 -> Detect P5,Node 331: Sigmoid,DRAM_2,Output,1x256x20x20,102400,61520000,61622399
22: C3k2 -> Detect P5,Node 332: Mul,DRAM_2,Output,1x256x20x20,102400,61622400,61724799
23: Detect head,Node 333: Conv,DRAM_2,Output,1x16x20x20,6400,61724800,61731199
23: Detect head,Node 334: Conv,DRAM_2,Output,1x256x20x20,102400,61731200,61833599
23: Detect head,Node 335: Sigmoid,DRAM_2,Output,1x16x20x20,6400,61833600,61839999
23: Detect head,Node 336: Sigmoid,DRAM_2,Output,1x256x20x20,102400,61840000,61942399
23: Detect head,Node 337: Mul,DRAM_2,Output,1x16x20x20,6400,61942400,61948799
23: Detect head,Node 338: Mul,DRAM_2,Output,1x256x20x20,102400,61948800,62051199
23: Detect head,Node 339: Conv,DRAM_2,Output,1x16x20x20,6400,62051200,62057599
23: Detect head,Node 340: Conv,DRAM_2,Output,1x64x20x20,25600,62057600,62083199
23: Detect head,Node 341: Sigmoid,DRAM_2,Output,1x16x20x20,6400,62083200,62089599
23: Detect head,Node 342: Sigmoid,DRAM_2,Output,1x64x20x20,25600,62089600,62115199
23: Detect head,Node 343: Mul,DRAM_2,Output,1x16x20x20,6400,62115200,62121599
23: Detect head,Node 344: Mul,DRAM_2,Output,1x64x20x20,25600,62121600,62147199
23: Detect head,Node 345: Conv,DRAM_2,Output,1x4x20x20,1600,62147200,62148799
23: Detect head,Node 346: Conv,DRAM_2,Output,1x64x20x20,25600,62148800,62174399
23: Detect head,Node 347: Reshape,DRAM_2,Output,1x4x400,1600,62174400,62175999
23: Detect head,Node 348: Sigmoid,DRAM_2,Output,1x64x20x20,25600,62176000,62201599
23: Detect head,Node 349: Concat,DRAM_2,Output,1x4x8400,33600,62201600,62235199
23: Detect head,Node 350: Mul,DRAM_2,Output,1x64x20x20,25600,62235200,62260799
23: Detect head,Node 351: Conv,DRAM_2,Output,1x64x20x20,25600,62260800,62286399
23: Detect head,Node 352: Slice,DRAM_2,Output,1x2x8400,16800,62286400,62303199
23: Detect head,Node 353: Slice,DRAM_2,Output,1x2x8400,16800,62303200,62319999
23: Detect head,Node 354: Sigmoid,DRAM_2,Output,1x64x20x20,25600,62320000,62345599
23: Detect head,Node 355: Sub,DRAM_2,Output,1x2x8400,16800,62345600,62362399
23: Detect head,Node 356: Add,DRAM_2,Output,1x2x8400,16800,62362400,62379199
23: Detect head,Node 357: Mul,DRAM_2,Output,1x64x20x20,25600,62379200,62404799
23: Detect head,Node 358: Concat,DRAM_2,Output,1x4x8400,33600,62404800,62438399
23: Detect head,Node 359: Conv,DRAM_2,Output,1x1x20x20,400,62438400,62438799
23: Detect head,Node 360: Mul,DRAM_2,Output,1x4x8400,33600,62438800,62472399
23: Detect head,Node 361: Reshape,DRAM_2,Output,1x1x400,400,62472400,62472799
23: Detect head,Node 362: Concat,DRAM_2,Output,1x1x8400,8400,62472800,62481199
23: Detect head,Node 363: Sigmoid,DRAM_2,Output,1x1x8400,8400,62481200,62489599
23: Detect head,Node 364: Concat,DRAM_2,Output,1x5x8400,42000,62489600,62531599
23: Detect head,Node 365: Transpose,DRAM_2,Output,1x8400x5,42000,62531600,62573599
23: Detect head,Node 366: Split,DRAM_2,Output,1x8400x4,33600,62573600,62607199
23: Detect head,Node 367: ReduceMax,DRAM_2,Output,1x8400,8400,62607200,62615599
23: Detect head,Node 368: TopK,DRAM_2,Output,1x300,300,62615600,62615899
23: Detect head,Node 369: Unsqueeze,DRAM_2,Output,1x300x1,300,62615900,62616199
23: Detect head,Node 370: GatherElements,DRAM_2,Output,1x300x1,300,62616200,62616499
23: Detect head,Node 371: Flatten,DRAM_2,Output,1x300,300,62616500,62616799
23: Detect head,Node 372: TopK,DRAM_2,Output,1x300,300,62616800,62617099
23: Detect head,Node 373: Unsqueeze,DRAM_2,Output,1x300x1,300,62617100,62617399
23: Detect head,Node 374: Mod,DRAM_2,Output,1x300,300,62617400,62617699
23: Detect head,Node 375: Unsqueeze,DRAM_2,Output,1x300x1,300,62617700,62617999
23: Detect head,Node 376: Unsqueeze,DRAM_2,Output,1x300x1,300,62618000,62618299
23: Detect head,Node 377: GatherElements,DRAM_2,Output,1x300x1,300,62618300,62618599
23: Detect head,Node 378: Cast,DRAM_2,Output,1x300x1,300,62618600,62618899
23: Detect head,Node 379: Expand,DRAM_2,Output,1x300x4,1200,62618900,62620099
23: Detect head,Node 380: GatherElements,DRAM_2,Output,1x300x4,1200,62620100,62621299
23: Detect head,Node 381: Concat,DRAM_2,Output,1x300x6,1800,62621300,62623099
