Module,Node,Load (ms),Compute (ms),Store (ms),Total (ms)
MODULE 0,0: Conv,0.019,547.954,5.385,553.357
MODULE 0,1: Sigmoid,5.936,15.858,5.141,26.934
MODULE 0,2: Mul,11.365,8.850,5.483,25.699
MODULE 1,3: Conv,6.621,1596.619,4.243,1607.484
MODULE 1,4: Sigmoid,3.697,18.809,5.265,27.771
MODULE 1,5: Mul,10.193,9.004,5.348,24.545
MODULE 2,6: Conv,4.866,482.788,2.126,489.780
MODULE 2,7: Sigmoid,2.352,7.983,2.578,12.913
MODULE 2,8: Mul,6.979,5.406,3.319,15.704
MODULE 2,9: Split,2.857,3.058,1.483,7.397
MODULE 2,10: Conv,1.394,432.136,0.829,434.359
MODULE 2,11: Sigmoid,0.753,2.594,1.199,4.547
MODULE 2,12: Mul,1.750,1.357,0.756,3.863
MODULE 2,13: Conv,0.730,500.263,2.168,503.161
MODULE 2,14: Sigmoid,2.066,7.082,2.298,11.445
MODULE 2,15: Mul,4.273,3.723,1.998,9.993
MODULE 2,16: Add,3.945,4.338,2.416,10.699
MODULE 2,17: Concat,6.215,6.280,6.163,18.658
MODULE 2,18: Conv,6.753,1589.812,8.470,1605.034
MODULE 2,19: Sigmoid,7.563,25.000,7.568,40.130
MODULE 2,20: Mul,17.066,13.242,9.181,39.489
MODULE 3,21: Conv,10.112,3575.737,1.136,3586.985
MODULE 3,22: Sigmoid,1.000,3.378,0.872,5.250
MODULE 3,23: Mul,1.982,1.633,0.887,4.502
MODULE 4,24: Conv,1.274,371.781,1.051,374.107
MODULE 4,25: Sigmoid,0.953,3.177,0.876,5.006
MODULE 4,26: Mul,1.888,1.494,0.854,4.236
MODULE 4,27: Split,0.839,0.984,0.459,2.283
MODULE 4,28: Conv,0.447,342.986,0.377,343.810
MODULE 4,29: Sigmoid,0.285,1.016,0.288,1.589
MODULE 4,30: Mul,0.618,0.520,0.299,1.437
MODULE 4,31: Conv,0.316,317.370,0.566,318.252
MODULE 4,32: Sigmoid,0.582,1.681,0.500,2.762
MODULE 4,33: Mul,1.041,0.971,0.543,2.554
MODULE 4,34: Add,1.129,1.242,0.646,3.018
MODULE 4,35: Concat,1.707,1.662,1.681,5.050
MODULE 4,36: Conv,1.727,877.097,2.034,880.857
MODULE 4,37: Sigmoid,2.080,6.346,1.897,10.323
MODULE 4,38: Mul,3.648,3.206,1.760,8.613
MODULE 5,39: Conv,2.324,2929.806,0.669,2932.799
MODULE 5,40: Sigmoid,0.538,1.643,0.468,2.650
MODULE 5,41: Mul,0.974,0.887,0.468,2.329
MODULE 6,42: Conv,0.585,395.891,0.564,397.040
MODULE 6,43: Sigmoid,0.470,1.614,0.492,2.575
MODULE 6,44: Mul,1.149,0.905,0.523,2.576
MODULE 6,45: Split,0.542,0.510,0.257,1.310
MODULE 6,46: Conv,0.253,30.868,0.106,31.227
MODULE 6,47: Conv,0.218,33.056,0.136,33.410
MODULE 6,48: Sigmoid,0.157,0.426,0.121,0.705
MODULE 6,49: Sigmoid,0.125,0.451,0.132,0.708
MODULE 6,50: Mul,0.258,0.215,0.125,0.598
MODULE 6,51: Mul,0.268,0.332,0.128,0.728
MODULE 6,52: Conv,0.155,183.114,0.221,183.490
MODULE 6,53: Sigmoid,0.195,0.688,0.218,1.101
MODULE 6,54: Mul,0.399,0.403,0.204,1.005
MODULE 6,55: Conv,0.242,192.581,0.164,192.986
MODULE 6,56: Sigmoid,0.160,0.540,0.176,0.876
MODULE 6,57: Mul,0.358,0.296,0.181,0.835
MODULE 6,58: Add,0.379,0.396,0.195,0.971
MODULE 6,59: Conv,0.251,163.669,0.147,164.067
MODULE 6,60: Sigmoid,0.196,0.466,0.127,0.789
MODULE 6,61: Mul,0.298,0.232,0.133,0.664
MODULE 6,62: Conv,0.156,179.685,0.154,179.994
MODULE 6,63: Sigmoid,0.187,0.536,0.149,0.873
MODULE 6,64: Mul,0.333,0.280,0.151,0.765
MODULE 6,65: Add,0.360,0.336,0.138,0.833
MODULE 6,66: Concat,0.334,0.305,0.318,0.957
MODULE 6,67: Conv,0.423,84.141,0.339,84.903
MODULE 6,68: Sigmoid,0.347,1.169,0.327,1.843
MODULE 6,69: Mul,0.685,0.569,0.322,1.576
MODULE 6,70: Concat,1.102,0.891,1.133,3.127
MODULE 6,71: Conv,0.943,552.479,0.497,553.919
MODULE 6,72: Sigmoid,0.412,1.473,0.672,2.556
MODULE 6,73: Mul,0.850,0.784,0.448,2.082
MODULE 7,74: Conv,1.347,1582.172,0.276,1583.796
MODULE 7,75: Sigmoid,0.247,0.823,0.265,1.335
MODULE 7,76: Mul,0.517,0.463,0.288,1.268
MODULE 8,77: Conv,0.490,409.746,0.572,410.808
MODULE 8,78: Sigmoid,0.594,1.673,0.486,2.754
MODULE 8,79: Mul,1.011,0.856,0.497,2.364
MODULE 8,80: Split,0.472,0.470,0.227,1.170
MODULE 8,81: Conv,0.266,57.514,0.128,57.908
MODULE 8,82: Conv,0.677,59.326,0.139,60.142
MODULE 8,83: Sigmoid,0.156,0.442,0.124,0.722
MODULE 8,84: Sigmoid,0.119,0.427,0.127,0.672
MODULE 8,85: Mul,0.243,0.208,0.118,0.569
MODULE 8,86: Mul,0.242,0.222,0.116,0.580
MODULE 8,87: Conv,0.317,306.553,0.115,306.986
MODULE 8,88: Sigmoid,0.104,0.348,0.094,0.546
MODULE 8,89: Mul,0.198,0.205,0.100,0.503
MODULE 8,90: Conv,0.252,224.909,0.080,225.241
MODULE 8,91: Sigmoid,0.072,0.254,0.078,0.404
MODULE 8,92: Mul,0.145,0.138,0.073,0.356
MODULE 8,93: Add,0.148,0.161,0.073,0.382
MODULE 8,94: Conv,0.185,244.971,0.140,245.295
MODULE 8,95: Sigmoid,0.153,0.429,0.123,0.705
MODULE 8,96: Mul,0.244,0.220,0.109,0.573
MODULE 8,97: Conv,0.289,249.390,0.126,249.805
MODULE 8,98: Sigmoid,0.116,0.422,0.119,0.657
MODULE 8,99: Mul,0.227,0.260,0.135,0.622
MODULE 8,100: Add,0.259,0.300,0.121,0.680
MODULE 8,101: Concat,0.278,0.252,0.248,0.778
MODULE 8,102: Conv,0.351,90.549,0.145,91.045
MODULE 8,103: Sigmoid,0.130,0.482,0.134,0.747
MODULE 8,104: Mul,0.318,0.274,0.158,0.749
MODULE 8,105: Concat,0.474,0.457,0.460,1.391
MODULE 8,106: Conv,0.848,432.988,0.338,434.174
MODULE 8,107: Sigmoid,0.338,1.005,0.273,1.616
MODULE 8,108: Mul,0.569,0.512,0.263,1.344
MODULE 9,109: Conv,0.378,235.625,0.159,236.162
MODULE 9,110: MaxPool,0.174,23.161,0.206,23.541
MODULE 9,111: MaxPool,0.185,13.429,0.192,13.807
MODULE 9,112: MaxPool,0.172,11.765,0.143,12.080
MODULE 9,113: Concat,0.638,0.526,0.538,1.702
MODULE 9,114: Conv,1.002,613.013,0.427,614.442
MODULE 9,115: Sigmoid,0.390,1.227,0.328,1.945
MODULE 9,116: Mul,0.683,0.752,0.331,1.767
MODULE 9,117: Add,0.703,0.708,0.346,1.756
MODULE 10,118: Conv,0.575,411.394,0.435,412.404
MODULE 10,119: Sigmoid,0.446,1.402,0.442,2.290
MODULE 10,120: Mul,0.904,1.046,0.420,2.370
MODULE 10,121: Split,0.543,0.465,0.220,1.229
MODULE 10,122: Conv,0.438,261.393,0.529,262.361
MODULE 10,123: Reshape,0.487,0.487,0.465,1.439
MODULE 10,124: Split,0.468,0.893,0.138,1.499
MODULE 10,125: Mul,0.116,0.242,0.102,0.460
MODULE 10,126: Reshape,0.000,0.221,0.206,0.427
MODULE 10,127: Trans,0.000,0.276,0.108,0.384
MODULE 10,128: ConvD,0.201,7.990,0.198,8.390
MODULE 10,129: MatMul,0.000,59.896,1.587,61.483
MODULE 10,130: Softmax,1.312,5.919,0.881,8.112
MODULE 10,131: Trans,0.000,1.865,0.892,2.757
MODULE 10,132: MatMul,0.000,113.425,0.144,113.569
MODULE 10,133: Reshape,0.124,0.116,0.192,0.432
MODULE 10,134: Add,0.247,0.267,0.125,0.639
MODULE 10,135: Conv,0.158,69.713,0.151,70.022
MODULE 10,136: Add,0.283,0.301,0.144,0.729
MODULE 10,137: Conv,0.242,154.611,0.326,155.179
MODULE 10,138: Sigmoid,0.310,1.321,0.340,1.971
MODULE 10,139: Mul,0.696,0.586,0.342,1.623
MODULE 10,140: Conv,0.439,165.243,0.171,165.852
MODULE 10,141: Add,0.292,0.296,0.141,0.729
MODULE 10,142: Concat,0.000,0.287,0.286,0.574
MODULE 10,143: Conv,0.505,271.348,0.254,272.108
MODULE 10,144: Sigmoid,0.256,0.891,0.271,1.419
MODULE 10,145: Mul,0.546,0.456,0.258,1.260
MODULE 11,146: Resize,0.238,3.094,1.053,4.385
MODULE 12,147: Concat,1.738,1.563,1.631,4.932
MODULE 13,148: Conv,2.044,1290.180,1.067,1293.291
MODULE 13,149: Sigmoid,0.929,3.186,0.819,4.934
MODULE 13,150: Mul,1.580,1.450,0.824,3.854
MODULE 13,151: Split,0.762,0.693,0.328,1.783
MODULE 13,152: Conv,0.413,45.741,0.165,46.320
MODULE 13,153: Conv,0.007,42.634,0.201,42.842
MODULE 13,154: Sigmoid,0.204,0.545,0.155,0.904
MODULE 13,155: Sigmoid,0.159,0.547,0.152,0.858
MODULE 13,156: Mul,0.340,0.276,0.158,0.774
MODULE 13,157: Mul,0.301,0.276,0.163,0.739
MODULE 13,158: Conv,0.212,192.613,0.131,192.955
MODULE 13,159: Sigmoid,0.132,0.472,0.143,0.748
MODULE 13,160: Mul,0.261,0.231,0.121,0.613
MODULE 13,161: Conv,0.139,158.184,0.126,158.449
MODULE 13,162: Sigmoid,0.128,0.489,0.125,0.742
MODULE 13,163: Mul,0.262,0.324,0.126,0.712
MODULE 13,164: Add,0.252,0.277,0.129,0.658
MODULE 13,165: Conv,0.145,156.553,0.146,156.844
MODULE 13,166: Sigmoid,0.121,0.482,0.160,0.762
MODULE 13,167: Mul,0.244,0.232,0.129,0.605
MODULE 13,168: Conv,0.151,203.314,0.189,203.654
MODULE 13,169: Sigmoid,0.186,0.639,0.182,1.007
MODULE 13,170: Mul,0.656,0.320,0.187,1.163
MODULE 13,171: Add,0.379,0.407,0.193,0.980
MODULE 13,172: Concat,0.384,0.354,0.417,1.155
MODULE 13,173: Conv,0.390,128.816,0.684,129.890
MODULE 13,174: Sigmoid,0.603,2.586,0.614,3.803
MODULE 13,175: Mul,1.376,1.135,0.586,3.097
MODULE 13,176: Concat,0.751,1.962,2.180,4.893
MODULE 13,177: Conv,1.991,558.864,0.667,561.522
MODULE 13,178: Sigmoid,0.584,2.048,0.604,3.236
MODULE 13,179: Mul,1.213,1.023,0.608,2.843
MODULE 14,180: Resize,0.603,6.700,2.513,9.816
MODULE 15,181: Concat,5.204,6.032,7.959,19.196
MODULE 16,182: Conv,10.035,1892.658,1.694,1904.386
MODULE 16,183: Sigmoid,1.597,4.838,1.414,7.849
MODULE 16,184: Mul,2.729,2.385,1.313,6.427
MODULE 16,185: Split,1.451,1.435,0.686,3.573
MODULE 16,186: Conv,0.769,37.709,0.248,38.726
MODULE 16,187: Conv,0.001,30.916,0.241,31.159
MODULE 16,188: Sigmoid,0.247,0.846,0.256,1.349
MODULE 16,189: Sigmoid,0.216,0.773,0.214,1.202
MODULE 16,190: Mul,0.489,0.443,0.233,1.164
MODULE 16,191: Mul,0.450,0.392,0.216,1.059
MODULE 16,192: Conv,0.241,148.389,0.246,148.877
MODULE 16,193: Sigmoid,0.272,0.852,0.248,1.371
MODULE 16,194: Mul,0.491,0.422,0.247,1.160
MODULE 16,195: Conv,0.240,141.872,0.254,142.365
MODULE 16,196: Sigmoid,0.279,0.851,0.236,1.366
MODULE 16,197: Mul,0.500,0.428,0.242,1.170
MODULE 16,198: Add,0.634,0.571,0.247,1.452
MODULE 16,199: Conv,0.252,141.886,0.232,142.370
MODULE 16,200: Sigmoid,0.243,0.721,0.221,1.185
MODULE 16,201: Mul,0.456,0.380,0.201,1.036
MODULE 16,202: Conv,0.200,179.536,0.430,180.167
MODULE 16,203: Sigmoid,0.382,1.390,0.390,2.162
MODULE 16,204: Mul,0.936,0.659,0.374,1.969
MODULE 16,205: Add,0.757,0.784,0.367,1.908
MODULE 16,206: Concat,0.751,0.710,0.841,2.302
MODULE 16,207: Conv,0.829,117.392,0.897,119.118
MODULE 16,208: Sigmoid,0.933,2.842,0.860,4.635
MODULE 16,209: Mul,1.759,1.638,0.924,4.322
MODULE 16,210: Concat,0.817,2.651,2.507,5.974
MODULE 16,211: Conv,2.471,664.413,1.702,668.586
MODULE 16,212: Sigmoid,1.723,5.469,2.114,9.306
MODULE 16,213: Mul,4.002,2.679,1.575,8.256
MODULE 17,214: Conv,1.744,969.273,0.525,971.542
MODULE 17,217: Sigmoid,0.296,1.060,0.309,1.665
MODULE 17,220: Mul,0.625,0.512,0.297,1.435
MODULE 18,223: Concat,0.944,0.884,0.851,2.679
MODULE 19,226: Conv,0.956,715.856,0.901,717.713
MODULE 19,229: Sigmoid,0.930,2.804,1.004,4.738
MODULE 19,232: Mul,2.183,1.673,0.989,4.845
MODULE 19,235: Split,0.989,1.262,0.539,2.791
MODULE 19,238: Conv,0.558,58.283,0.217,59.058
MODULE 19,239: Conv,0.009,56.003,0.184,56.197
MODULE 19,241: Sigmoid,0.221,0.707,0.211,1.140
MODULE 19,242: Sigmoid,0.199,0.554,0.161,0.913
MODULE 19,244: Mul,0.407,0.351,0.198,0.957
MODULE 19,245: Mul,0.320,0.276,0.164,0.761
MODULE 19,247: Conv,0.205,174.443,0.175,174.823
MODULE 19,249: Sigmoid,0.201,0.589,0.179,0.968
MODULE 19,251: Mul,0.331,0.312,0.170,0.813
MODULE 19,253: Conv,0.199,183.587,0.200,183.986
MODULE 19,254: Sigmoid,0.213,0.790,0.172,1.174
MODULE 19,255: Mul,0.364,0.328,0.180,0.871
MODULE 19,256: Add,0.367,0.403,0.159,0.930
MODULE 19,257: Conv,0.197,236.638,0.264,237.099
MODULE 19,258: Sigmoid,0.266,0.841,0.240,1.347
MODULE 19,259: Mul,0.476,0.393,0.222,1.091
MODULE 19,260: Conv,0.296,219.466,0.175,219.937
MODULE 19,261: Sigmoid,0.198,0.592,0.166,0.956
MODULE 19,262: Mul,0.334,0.297,0.160,0.791
MODULE 19,263: Add,0.338,0.381,0.166,0.885
MODULE 19,264: Concat,0.341,0.348,0.336,1.026
MODULE 19,265: Conv,0.489,97.217,0.520,98.226
MODULE 19,266: Sigmoid,0.477,1.406,0.383,2.266
MODULE 19,267: Mul,0.969,0.787,0.503,2.259
MODULE 19,268: Concat,0.475,1.568,1.474,3.517
MODULE 19,269: Conv,1.601,692.496,0.944,695.041
MODULE 19,270: Sigmoid,0.934,2.895,0.830,4.659
MODULE 19,271: Mul,1.626,1.293,0.836,3.755
MODULE 20,272: Conv,1.554,872.363,0.243,874.160
MODULE 20,275: Sigmoid,0.227,0.687,0.204,1.118
MODULE 20,278: Mul,0.412,0.352,0.198,0.962
MODULE 21,281: Concat,0.690,0.638,0.677,2.004
MODULE 22,284: Conv,1.357,659.054,0.334,660.744
MODULE 22,287: Sigmoid,0.351,1.099,0.307,1.757
MODULE 22,290: Mul,0.646,0.566,0.317,1.529
MODULE 22,293: Split,0.368,0.296,0.382,1.045
MODULE 22,296: Conv,0.397,338.300,0.144,338.841
MODULE 22,298: Sigmoid,0.122,0.422,0.120,0.665
MODULE 22,300: Mul,0.388,0.259,0.108,0.755
MODULE 22,302: Conv,0.414,375.909,0.129,376.452
MODULE 22,304: Sigmoid,0.133,0.414,0.118,0.665
MODULE 22,306: Mul,0.226,0.219,0.113,0.557
MODULE 22,308: Add,0.239,0.243,0.112,0.594
MODULE 22,309: Conv,0.185,115.712,0.337,116.234
MODULE 22,310: Reshape,0.234,0.217,0.225,0.677
MODULE 22,311: Split,0.223,0.507,0.114,0.844
MODULE 22,312: Mul,0.057,0.128,0.059,0.243
MODULE 22,313: Reshape,0.162,0.117,0.118,0.397
MODULE 22,314: Trans,0.058,0.137,0.004,0.199
MODULE 22,315: ConvD,0.115,3.972,0.115,4.202
MODULE 22,316: MatMul,0.106,37.077,0.758,37.941
MODULE 22,317: Softmax,0.874,4.011,0.625,5.510
MODULE 22,318: Trans,0.616,1.348,0.666,2.630
MODULE 22,319: MatMul,0.736,74.837,0.017,75.591
MODULE 22,320: Reshape,0.116,0.105,0.011,0.232
MODULE 22,321: Add,0.244,0.231,0.012,0.487
MODULE 22,322: Conv,0.161,57.834,0.019,58.015
MODULE 22,323: Add,0.264,0.277,0.017,0.558
MODULE 22,324: Conv,0.200,166.198,0.384,166.782
MODULE 22,325: Sigmoid,0.334,1.163,0.332,1.829
MODULE 22,326: Mul,0.639,0.572,0.317,1.528
MODULE 22,327: Conv,0.434,198.899,0.053,199.386
MODULE 22,328: Add,0.500,0.562,0.264,1.326
MODULE 22,329: Concat,0.754,0.706,0.717,2.178
MODULE 22,330: Conv,1.097,523.435,0.182,524.714
MODULE 22,331: Sigmoid,0.274,0.797,0.246,1.317
MODULE 22,332: Mul,0.533,0.425,0.222,1.180
MODULE 23,215: P3_Box,1.125,841.353,0.351,842.829
MODULE 23,216: P3_Cls,1.334,40.807,1.207,43.348
MODULE 23,218: Sigmoid,0.315,1.077,0.308,1.700
MODULE 23,219: Sigmoid,1.348,4.116,1.269,6.733
MODULE 23,221: Mul,0.644,0.523,0.291,1.458
MODULE 23,222: Mul,2.392,1.941,1.111,5.444
MODULE 23,224: P3_Box,0.301,184.536,0.376,185.213
MODULE 23,225: P3_Cls,1.521,355.007,1.239,357.767
MODULE 23,227: Sigmoid,0.312,1.022,0.273,1.607
MODULE 23,228: Sigmoid,1.163,3.646,1.058,5.867
MODULE 23,230: Mul,0.600,0.444,0.271,1.316
MODULE 23,231: Mul,2.081,1.769,1.013,4.862
MODULE 23,233: P3_Box,0.342,4.589,0.057,4.988
MODULE 23,234: P3_Cls,0.931,33.290,1.095,35.316
MODULE 23,236: Reshape,0.064,0.063,0.064,0.190
MODULE 23,237: Sigmoid,1.035,3.715,1.161,5.911
MODULE 23,240: Mul,2.423,2.044,1.253,5.720
MODULE 23,243: P3_Cls,1.171,262.551,1.205,264.927
MODULE 23,246: Sigmoid,1.105,3.710,0.972,5.787
MODULE 23,248: Mul,1.937,1.679,1.055,4.671
MODULE 23,250: P3_Cls,1.050,4.974,0.014,6.038
MODULE 23,252: Reshape,0.015,0.015,0.015,0.045
MODULE 23,273: P4_Box,0.638,254.643,0.064,255.345
MODULE 23,274: P4_Cls,0.497,13.961,0.449,14.907
MODULE 23,276: Sigmoid,0.067,0.186,0.056,0.309
MODULE 23,277: Sigmoid,0.445,1.392,0.453,2.290
MODULE 23,279: Mul,0.110,0.085,0.050,0.244
MODULE 23,280: Mul,0.826,0.713,0.402,1.941
MODULE 23,282: P4_Box,0.055,29.675,0.055,29.785
MODULE 23,283: P4_Cls,0.500,114.456,0.225,115.181
MODULE 23,285: Sigmoid,0.059,0.181,0.062,0.302
MODULE 23,286: Sigmoid,0.227,0.690,0.214,1.131
MODULE 23,288: Mul,0.118,0.098,0.049,0.265
MODULE 23,289: Mul,0.463,0.350,0.189,1.002
MODULE 23,291: P4_Box,0.052,0.929,0.012,0.992
MODULE 23,292: P4_Cls,0.214,7.045,0.203,7.463
MODULE 23,294: Reshape,0.012,0.012,0.002,0.026
MODULE 23,295: Sigmoid,0.210,0.739,0.154,1.104
MODULE 23,297: Mul,0.438,0.363,0.194,0.994
MODULE 23,299: P4_Cls,0.212,54.951,0.226,55.389
MODULE 23,301: Sigmoid,0.215,0.739,0.223,1.177
MODULE 23,303: Mul,0.546,0.378,0.210,1.134
MODULE 23,305: P4_Cls,0.205,0.851,0.003,1.059
MODULE 23,307: Reshape,0.004,0.002,0.000,0.006
MODULE 23,333: P5_Box,0.298,117.607,0.003,117.907
MODULE 23,334: P5_Cls,0.254,7.190,0.044,7.488
MODULE 23,335: Sigmoid,0.012,0.046,0.012,0.069
MODULE 23,336: Sigmoid,0.195,0.710,0.197,1.102
MODULE 23,337: Mul,0.028,0.021,0.012,0.061
MODULE 23,338: Mul,0.408,0.364,0.198,0.970
MODULE 23,339: P5_Box,0.018,7.255,0.014,7.287
MODULE 23,340: P5_Cls,0.267,54.117,0.067,54.451
MODULE 23,341: Sigmoid,0.014,0.047,0.016,0.077
MODULE 23,342: Sigmoid,0.051,0.185,0.055,0.290
MODULE 23,343: Mul,0.025,0.028,0.015,0.069
MODULE 23,344: Mul,0.127,0.108,0.056,0.291
MODULE 23,345: P5_Box,0.015,0.236,0.005,0.256
MODULE 23,346: P5_Cls,0.061,1.723,0.053,1.838
MODULE 23,347: Reshape,0.002,0.004,0.002,0.009
MODULE 23,348: Sigmoid,0.053,0.175,0.051,0.280
MODULE 23,350: Mul,0.108,0.100,0.055,0.263
MODULE 23,351: P5_Cls,0.064,12.899,0.049,13.012
MODULE 23,354: Sigmoid,0.052,0.174,0.054,0.280
MODULE 23,357: Mul,0.114,0.091,0.060,0.265
MODULE 23,359: P5_Cls,0.057,0.203,0.000,0.260
MODULE 23,361: Reshape,0.002,0.000,0.000,0.002
MODULE 23,349: BoxCat,0.083,0.129,0.071,0.282
MODULE 23,352: Slice,0.070,0.096,0.035,0.202
MODULE 23,353: Slice,0.078,0.070,0.037,0.185
MODULE 23,355: Sub,0.077,0.081,0.031,0.188
MODULE 23,356: Add,0.077,0.058,0.035,0.170
MODULE 23,358: Concat,0.070,0.101,0.069,0.240
MODULE 23,360: Mul,0.079,0.158,0.064,0.301
MODULE 23,362: ClsCat,0.017,0.020,0.015,0.052
MODULE 23,363: Sigmoid,0.015,0.055,0.019,0.089
MODULE 23,364: B+SCat,0.085,0.142,0.081,0.307
MODULE 23,365: Trans,0.077,0.147,0.081,0.305
MODULE 23,366: Split,0.078,0.111,0.061,0.249
MODULE 23,367: RedMax,0.078,0.026,0.028,0.132
MODULE 23,368: TopK,0.019,0.002,0.000,0.021
MODULE 23,369: Unsqueeze,0.000,0.001,0.000,0.001
MODULE 23,370: GatherEl,0.002,0.001,0.000,0.002
MODULE 23,371: Flatten,0.000,0.001,0.002,0.002
MODULE 23,372: TopK,0.002,0.001,0.000,0.002
MODULE 23,373: Unsqueeze,0.000,0.002,0.000,0.002
MODULE 23,374: Mod,0.000,0.001,0.002,0.002
MODULE 23,375: Unsqueeze,0.000,0.003,0.000,0.003
MODULE 23,376: Unsqueeze,0.000,0.001,0.000,0.001
MODULE 23,377: GatherEl,0.002,0.001,0.000,0.002
MODULE 23,378: Cast,0.000,0.002,0.001,0.004
MODULE 23,379: Expand,0.000,0.003,0.002,0.005
MODULE 23,380: GatherEl,0.002,0.006,0.002,0.010
MODULE 23,381: Concat,0.004,0.003,0.004,0.011
MODULE 0,0: Conv,0.015,929.234,5.189,934.438
MODULE 0,1: Sigmoid,5.107,14.960,5.454,25.521
MODULE 0,2: Mul,11.435,8.576,5.886,25.897
MODULE 1,3: Conv,6.298,1238.432,2.941,1247.672
MODULE 1,4: Sigmoid,2.229,6.456,2.941,11.627
MODULE 1,5: Mul,5.518,3.437,2.238,11.193
MODULE 2,6: Conv,3.007,360.744,1.853,365.604
MODULE 2,7: Sigmoid,1.948,6.391,1.909,10.248
MODULE 2,8: Mul,4.088,3.668,2.094,9.849
MODULE 2,9: Split,2.325,2.264,1.056,5.645
MODULE 2,10: Conv,0.981,271.933,0.557,273.472
MODULE 2,11: Sigmoid,0.509,1.495,0.416,2.420
MODULE 2,12: Mul,0.930,0.756,0.447,2.133
MODULE 2,13: Conv,0.474,261.214,1.068,262.756
MODULE 2,14: Sigmoid,1.007,2.924,0.925,4.857
MODULE 2,15: Mul,2.065,1.620,0.929,4.614
MODULE 2,16: Add,1.966,1.869,0.881,4.716
MODULE 2,17: Concat,2.861,2.670,2.965,8.496
MODULE 2,18: Conv,2.911,738.623,3.838,745.373
MODULE 2,19: Sigmoid,3.843,14.532,5.408,23.782
MODULE 2,20: Mul,11.689,10.914,6.329,28.933
MODULE 3,21: Conv,6.259,2556.740,1.455,2564.455
MODULE 3,22: Sigmoid,1.132,3.835,1.105,6.071
MODULE 3,23: Mul,2.324,1.821,1.038,5.183
MODULE 4,24: Conv,1.129,438.938,0.971,441.038
MODULE 4,25: Sigmoid,0.907,3.178,0.900,4.985
MODULE 4,26: Mul,1.849,1.625,0.865,4.339
MODULE 4,27: Split,0.913,1.037,0.501,2.451
MODULE 4,28: Conv,0.455,331.033,0.327,331.815
MODULE 4,29: Sigmoid,0.301,0.902,0.265,1.467
MODULE 4,30: Mul,0.547,0.451,0.250,1.249
MODULE 4,31: Conv,0.274,333.797,0.581,334.652
MODULE 4,32: Sigmoid,0.561,1.899,0.552,3.012
MODULE 4,33: Mul,1.300,1.036,0.582,2.919
MODULE 4,34: Add,1.283,1.278,0.596,3.157
MODULE 4,35: Concat,1.887,1.666,1.681,5.234
MODULE 4,36: Conv,1.696,952.252,2.987,956.935
MODULE 4,37: Sigmoid,3.583,9.710,2.602,15.895
MODULE 4,38: Mul,6.620,6.077,3.402,16.098
MODULE 5,39: Conv,3.563,2908.770,0.560,2912.893
MODULE 5,40: Sigmoid,0.511,1.721,0.484,2.716
MODULE 5,41: Mul,1.032,0.914,0.501,2.447
MODULE 6,42: Conv,0.569,341.830,0.511,342.910
MODULE 6,43: Sigmoid,0.447,1.487,0.437,2.371
MODULE 6,44: Mul,0.927,0.827,0.439,2.193
MODULE 6,45: Split,0.438,0.520,0.215,1.173
MODULE 6,46: Conv,0.222,29.837,0.129,30.188
MODULE 6,47: Conv,0.243,33.493,0.129,33.865
MODULE 6,48: Sigmoid,0.122,0.433,0.127,0.682
MODULE 6,49: Sigmoid,0.126,0.431,0.127,0.684
MODULE 6,50: Mul,0.267,0.215,0.120,0.602
MODULE 6,51: Mul,0.272,0.206,0.115,0.592
MODULE 6,52: Conv,0.139,138.951,0.161,139.251
MODULE 6,53: Sigmoid,0.147,0.558,0.196,0.901
MODULE 6,54: Mul,0.312,0.287,0.156,0.755
MODULE 6,55: Conv,0.179,144.347,0.116,144.642
MODULE 6,56: Sigmoid,0.125,0.406,0.114,0.645
MODULE 6,57: Mul,0.234,0.218,0.123,0.576
MODULE 6,58: Add,0.250,0.279,0.121,0.649
MODULE 6,59: Conv,0.148,137.788,0.129,138.064
MODULE 6,60: Sigmoid,0.137,0.443,0.116,0.696
MODULE 6,61: Mul,0.234,0.257,0.109,0.600
MODULE 6,62: Conv,0.135,138.745,0.128,139.008
MODULE 6,63: Sigmoid,0.120,0.388,0.140,0.648
MODULE 6,64: Mul,0.450,0.206,0.296,0.952
MODULE 6,65: Add,0.332,0.268,0.118,0.718
MODULE 6,66: Concat,0.245,0.229,0.318,0.793
MODULE 6,67: Conv,0.232,67.019,0.271,67.522
MODULE 6,68: Sigmoid,0.239,0.859,0.248,1.346
MODULE 6,69: Mul,0.493,0.432,0.240,1.165
MODULE 6,70: Concat,0.783,0.715,0.731,2.229
MODULE 6,71: Conv,0.803,402.193,0.477,403.472
MODULE 6,72: Sigmoid,0.416,1.490,0.424,2.331
MODULE 6,73: Mul,0.833,0.740,0.517,2.091
MODULE 7,74: Conv,1.221,1194.673,0.283,1196.177
MODULE 7,75: Sigmoid,0.232,0.768,0.234,1.235
MODULE 7,76: Mul,0.465,0.390,0.223,1.079
MODULE 8,77: Conv,0.411,327.373,0.283,328.067
MODULE 8,78: Sigmoid,0.214,0.782,0.215,1.211
MODULE 8,79: Mul,0.460,0.421,0.214,1.095
MODULE 8,80: Split,0.212,0.221,0.107,0.540
MODULE 8,81: Conv,0.138,28.738,0.055,28.931
MODULE 8,82: Conv,0.223,28.751,0.053,29.027
MODULE 8,83: Sigmoid,0.074,0.190,0.053,0.317
MODULE 8,84: Sigmoid,0.055,0.189,0.054,0.297
MODULE 8,85: Mul,0.106,0.097,0.060,0.263
MODULE 8,86: Mul,0.117,0.101,0.057,0.275
MODULE 8,87: Conv,0.147,125.855,0.063,126.065
MODULE 8,88: Sigmoid,0.061,0.208,0.060,0.329
MODULE 8,89: Mul,0.147,0.122,0.063,0.332
MODULE 8,90: Conv,0.154,140.473,0.064,140.690
MODULE 8,91: Sigmoid,0.058,0.198,0.062,0.318
MODULE 8,92: Mul,0.148,0.111,0.161,0.420
MODULE 8,93: Add,0.122,0.137,0.061,0.320
MODULE 8,94: Conv,0.152,138.881,0.056,139.089
MODULE 8,95: Sigmoid,0.057,0.209,0.057,0.323
MODULE 8,96: Mul,0.110,0.112,0.062,0.284
MODULE 8,97: Conv,0.144,128.939,0.061,129.144
MODULE 8,98: Sigmoid,0.053,0.199,0.058,0.310
MODULE 8,99: Mul,0.136,0.098,0.058,0.292
MODULE 8,100: Add,0.117,0.128,0.058,0.302
MODULE 8,101: Concat,0.116,0.119,0.112,0.347
MODULE 8,102: Conv,0.163,58.571,0.124,58.858
MODULE 8,103: Sigmoid,0.112,0.388,0.103,0.604
MODULE 8,104: Mul,0.206,0.181,0.104,0.490
MODULE 8,105: Concat,0.335,0.347,0.346,1.027
MODULE 8,106: Conv,0.663,387.365,0.255,388.283
MODULE 8,107: Sigmoid,0.227,0.768,0.220,1.216
MODULE 8,108: Mul,0.440,0.395,0.216,1.051
MODULE 9,109: Conv,0.308,205.237,0.129,205.673
MODULE 9,110: MaxPool,0.131,14.817,0.115,15.064
MODULE 9,111: MaxPool,0.118,10.385,0.154,10.658
MODULE 9,112: MaxPool,0.120,8.708,0.181,9.009
MODULE 9,113: Concat,0.487,0.422,0.425,1.334
MODULE 9,114: Conv,0.820,490.395,0.291,491.506
MODULE 9,115: Sigmoid,0.278,0.807,0.235,1.319
MODULE 9,116: Mul,0.464,0.416,0.227,1.107
MODULE 9,117: Add,0.474,0.545,0.318,1.337
MODULE 10,118: Conv,0.400,325.574,0.268,326.241
MODULE 10,119: Sigmoid,0.224,0.783,0.227,1.234
MODULE 10,120: Mul,0.454,0.409,0.227,1.090
MODULE 10,121: Split,0.230,0.220,0.124,0.573
MODULE 10,122: Conv,0.193,117.409,0.239,117.841
MODULE 10,123: Reshape,0.230,0.230,0.223,0.683
MODULE 10,124: Split,0.220,0.466,0.065,0.751
MODULE 10,125: Mul,0.056,0.098,0.055,0.209
MODULE 10,126: Reshape,0.000,0.110,0.105,0.216
MODULE 10,127: Trans,0.000,0.136,0.054,0.190
MODULE 10,128: ConvD,0.131,4.010,0.112,4.253
MODULE 10,129: MatMul,0.000,39.123,0.867,39.990
MODULE 10,130: Softmax,0.760,4.398,0.748,5.906
MODULE 10,131: Trans,0.000,1.557,0.728,2.285
MODULE 10,132: MatMul,0.000,102.609,0.114,102.724
MODULE 10,133: Reshape,0.108,0.107,0.126,0.341
MODULE 10,134: Add,0.242,0.243,0.125,0.610
MODULE 10,135: Conv,0.158,59.591,0.135,59.884
MODULE 10,136: Add,0.267,0.251,0.114,0.632
MODULE 10,137: Conv,0.196,119.677,0.220,120.092
MODULE 10,138: Sigmoid,0.252,0.843,0.217,1.312
MODULE 10,139: Mul,0.465,0.376,0.224,1.064
MODULE 10,140: Conv,0.319,123.935,0.140,124.394
MODULE 10,141: Add,0.262,0.262,0.129,0.652
MODULE 10,142: Concat,0.000,0.271,0.257,0.528
MODULE 10,143: Conv,0.424,254.552,0.273,255.250
MODULE 10,144: Sigmoid,0.286,0.890,0.253,1.429
MODULE 10,145: Mul,0.604,0.449,0.247,1.300
MODULE 11,146: Resize,0.274,3.182,1.132,4.588
MODULE 12,147: Concat,1.687,1.707,1.676,5.071
MODULE 13,148: Conv,2.003,1075.785,0.538,1078.327
MODULE 13,149: Sigmoid,0.507,1.604,0.517,2.627
MODULE 13,150: Mul,0.969,0.809,0.486,2.263
MODULE 13,151: Split,0.522,0.469,0.241,1.233
MODULE 13,152: Conv,0.248,32.328,0.123,32.699
MODULE 13,153: Conv,0.006,32.049,0.136,32.190
MODULE 13,154: Sigmoid,0.121,0.437,0.154,0.712
MODULE 13,155: Sigmoid,0.129,0.397,0.119,0.646
MODULE 13,156: Mul,0.243,0.220,0.123,0.586
MODULE 13,157: Mul,0.225,0.212,0.114,0.552
MODULE 13,158: Conv,0.144,163.758,0.141,164.043
MODULE 13,159: Sigmoid,0.134,0.469,0.133,0.736
MODULE 13,160: Mul,0.277,0.243,0.145,0.664
MODULE 13,161: Conv,0.159,194.301,0.360,194.820
MODULE 13,162: Sigmoid,0.310,1.308,0.309,1.928
MODULE 13,163: Mul,0.635,0.568,0.268,1.470
MODULE 13,164: Add,0.629,0.569,0.280,1.479
MODULE 13,165: Conv,0.342,188.804,0.140,189.286
MODULE 13,166: Sigmoid,0.172,0.513,0.150,0.835
MODULE 13,167: Mul,0.302,0.273,0.142,0.716
MODULE 13,168: Conv,0.154,132.330,0.118,132.602
MODULE 13,169: Sigmoid,0.123,0.383,0.104,0.610
MODULE 13,170: Mul,0.237,0.182,0.108,0.527
MODULE 13,171: Add,0.276,0.240,0.105,0.621
MODULE 13,172: Concat,0.240,0.227,0.205,0.673
MODULE 13,173: Conv,0.235,54.022,0.221,54.478
MODULE 13,174: Sigmoid,0.216,0.721,0.220,1.157
MODULE 13,175: Mul,0.463,0.412,0.213,1.087
MODULE 13,176: Concat,0.311,0.614,0.602,1.528
MODULE 13,177: Conv,0.653,349.138,0.507,350.299
MODULE 13,178: Sigmoid,0.438,1.391,0.404,2.233
MODULE 13,179: Mul,0.871,0.718,0.409,1.998
MODULE 14,180: Resize,0.402,4.671,1.848,6.921
MODULE 15,181: Concat,3.969,4.506,6.221,14.697
MODULE 16,182: Conv,7.108,1350.228,1.157,1358.493
MODULE 16,183: Sigmoid,1.080,3.565,1.185,5.830
MODULE 16,184: Mul,2.001,1.720,1.024,4.744
MODULE 16,185: Split,1.058,0.950,0.550,2.559
MODULE 16,186: Conv,0.517,34.358,0.238,35.113
MODULE 16,187: Conv,0.001,33.347,0.220,33.567
MODULE 16,188: Sigmoid,0.231,0.819,0.255,1.304
MODULE 16,189: Sigmoid,0.335,0.788,0.241,1.364
MODULE 16,190: Mul,0.504,0.418,0.262,1.184
MODULE 16,191: Mul,0.498,0.447,0.253,1.198
MODULE 16,192: Conv,0.274,142.665,0.230,143.169
MODULE 16,193: Sigmoid,0.222,0.772,0.211,1.205
MODULE 16,194: Mul,0.437,0.364,0.229,1.029
MODULE 16,195: Conv,0.213,131.590,0.323,132.125
MODULE 16,196: Sigmoid,0.364,0.919,0.267,1.551
MODULE 16,197: Mul,0.571,0.457,0.248,1.277
MODULE 16,198: Add,0.542,0.629,0.254,1.425
MODULE 16,199: Conv,0.251,125.150,0.227,125.628
MODULE 16,200: Sigmoid,0.214,0.751,0.215,1.180
MODULE 16,201: Mul,0.460,0.377,0.268,1.105
MODULE 16,202: Conv,0.208,118.972,0.216,119.396
MODULE 16,203: Sigmoid,0.214,0.791,0.215,1.220
MODULE 16,204: Mul,0.510,0.382,0.217,1.109
MODULE 16,205: Add,0.444,0.432,0.211,1.087
MODULE 16,206: Concat,0.416,0.393,0.439,1.248
MODULE 16,207: Conv,0.453,55.770,0.475,56.698
MODULE 16,208: Sigmoid,0.426,1.365,0.387,2.178
MODULE 16,209: Mul,0.799,0.697,0.395,1.891
MODULE 16,210: Concat,0.439,1.267,1.222,2.928
MODULE 16,211: Conv,1.213,382.456,1.039,384.709
MODULE 16,212: Sigmoid,1.023,3.611,1.006,5.640
MODULE 16,213: Mul,2.049,1.671,0.917,4.637
MODULE 17,214: Conv,1.046,674.327,0.307,675.680
MODULE 17,217: Sigmoid,0.279,0.954,0.277,1.510
MODULE 17,220: Mul,0.558,0.499,0.257,1.314
MODULE 18,223: Concat,0.849,0.821,0.812,2.482
MODULE 19,226: Conv,0.999,509.519,0.663,511.181
MODULE 19,229: Sigmoid,0.621,2.101,0.595,3.317
MODULE 19,232: Mul,1.194,1.470,0.661,3.325
MODULE 19,235: Split,0.679,0.726,0.297,1.703
MODULE 19,238: Conv,0.315,47.989,0.220,48.524
MODULE 19,239: Conv,0.011,41.630,0.143,41.783
MODULE 19,241: Sigmoid,0.165,0.754,0.190,1.110
MODULE 19,242: Sigmoid,0.142,0.528,0.140,0.810
MODULE 19,244: Mul,0.340,0.291,0.201,0.833
MODULE 19,245: Mul,0.282,0.264,0.136,0.682
MODULE 19,247: Conv,0.174,155.635,0.156,155.965
MODULE 19,249: Sigmoid,0.114,0.407,0.117,0.639
MODULE 19,251: Mul,0.238,0.200,0.117,0.554
MODULE 19,253: Conv,0.135,147.549,0.127,147.811
MODULE 19,254: Sigmoid,0.113,0.410,0.116,0.639
MODULE 19,255: Mul,0.249,0.237,0.139,0.625
MODULE 19,256: Add,0.253,0.312,0.127,0.692
MODULE 19,257: Conv,0.144,152.550,0.142,152.836
MODULE 19,258: Sigmoid,0.157,0.412,0.112,0.681
MODULE 19,259: Mul,0.229,0.234,0.115,0.578
MODULE 19,260: Conv,0.142,146.580,0.127,146.849
MODULE 19,261: Sigmoid,0.176,0.425,0.110,0.711
MODULE 19,262: Mul,0.234,0.200,0.114,0.549
MODULE 19,263: Add,0.248,0.257,0.119,0.625
MODULE 19,264: Concat,0.255,0.230,0.236,0.720
MODULE 19,265: Conv,0.250,65.752,0.285,66.287
MODULE 19,266: Sigmoid,0.256,0.869,0.261,1.386
MODULE 19,267: Mul,0.547,0.487,0.277,1.310
MODULE 19,268: Concat,0.291,0.917,0.889,2.097
MODULE 19,269: Conv,0.892,399.094,0.561,400.547
MODULE 19,270: Sigmoid,0.464,1.577,0.452,2.492
MODULE 19,271: Mul,0.904,0.784,0.512,2.200
MODULE 20,272: Conv,0.888,684.111,0.138,685.137
MODULE 20,275: Sigmoid,0.115,0.447,0.137,0.700
MODULE 20,278: Mul,0.260,0.221,0.130,0.611
MODULE 21,281: Concat,0.444,0.364,0.393,1.201
MODULE 0,0: Conv,0.017,1011.864,10.419,1022.300
MODULE 0,1: Sigmoid,10.203,31.027,9.671,50.901
MODULE 0,2: Mul,20.787,17.907,7.810,46.504
MODULE 1,3: Conv,7.713,1688.557,2.420,1698.690
MODULE 1,4: Sigmoid,2.498,8.130,2.356,12.983
MODULE 1,5: Mul,5.207,5.220,2.200,12.627
MODULE 2,6: Conv,2.296,459.669,2.141,464.107
MODULE 2,7: Sigmoid,2.112,6.920,2.001,11.033
MODULE 2,8: Mul,4.036,4.077,1.881,9.994
MODULE 2,9: Split,2.051,1.920,0.966,4.937
MODULE 2,10: Conv,1.013,304.357,0.661,306.031
MODULE 2,11: Sigmoid,0.588,2.084,0.586,3.258
MODULE 2,12: Mul,1.203,1.202,0.666,3.072
MODULE 2,13: Conv,0.533,394.252,0.983,395.768
MODULE 2,14: Sigmoid,0.922,3.370,1.096,5.388
MODULE 2,15: Mul,2.135,2.444,1.182,5.761
MODULE 2,16: Add,2.509,2.545,1.430,6.484
MODULE 2,17: Concat,5.159,4.711,4.919,14.789
MODULE 2,18: Conv,5.042,925.438,4.358,934.839
MODULE 2,19: Sigmoid,4.085,13.168,3.905,21.158
MODULE 2,20: Mul,7.567,8.473,3.808,19.848
MODULE 3,21: Conv,4.063,2297.794,1.250,2303.107
MODULE 3,22: Sigmoid,0.873,3.172,1.114,5.160
MODULE 3,23: Mul,1.922,2.018,0.884,4.824
MODULE 4,24: Conv,1.014,346.484,1.148,348.645
MODULE 4,25: Sigmoid,1.145,4.177,1.267,6.589
MODULE 4,26: Mul,2.447,2.627,1.217,6.290
MODULE 4,27: Split,1.231,1.121,0.570,2.922
MODULE 4,28: Conv,0.625,305.763,0.300,306.689
MODULE 4,29: Sigmoid,0.269,1.038,0.290,1.597
MODULE 4,30: Mul,0.607,0.586,0.275,1.468
MODULE 4,31: Conv,0.278,279.512,0.540,280.330
MODULE 4,32: Sigmoid,0.451,1.665,0.463,2.579
MODULE 4,33: Mul,0.943,1.068,0.469,2.480
MODULE 4,34: Add,1.038,1.048,0.489,2.575
MODULE 4,35: Concat,1.466,1.440,1.543,4.448
MODULE 4,36: Conv,1.495,933.287,2.736,937.518
MODULE 4,37: Sigmoid,2.283,8.313,2.391,12.987
MODULE 4,38: Mul,4.948,5.138,2.352,12.438
MODULE 5,39: Conv,2.767,2825.332,0.732,2828.831
MODULE 5,40: Sigmoid,0.691,2.531,0.694,3.916
MODULE 5,41: Mul,1.564,1.504,0.671,3.738
MODULE 6,42: Conv,0.744,360.266,0.491,361.501
MODULE 6,43: Sigmoid,0.455,1.620,0.534,2.609
MODULE 6,44: Mul,1.025,1.085,0.481,2.591
MODULE 6,45: Split,0.480,0.472,0.248,1.200
MODULE 6,46: Conv,0.229,29.870,0.105,30.204
MODULE 6,47: Conv,0.230,28.939,0.117,29.286
MODULE 6,48: Sigmoid,0.137,0.405,0.109,0.650
MODULE 6,49: Sigmoid,0.107,0.389,0.106,0.602
MODULE 6,50: Mul,0.292,0.254,0.115,0.661
MODULE 6,51: Mul,0.239,0.265,0.110,0.614
MODULE 6,52: Conv,0.143,135.621,0.124,135.888
MODULE 6,53: Sigmoid,0.126,0.440,0.131,0.696
MODULE 6,54: Mul,0.236,0.284,0.120,0.640
MODULE 6,55: Conv,0.141,135.370,0.115,135.627
MODULE 6,56: Sigmoid,0.137,0.403,0.107,0.647
MODULE 6,57: Mul,0.211,0.243,0.116,0.571
MODULE 6,58: Add,0.223,0.253,0.109,0.584
MODULE 6,59: Conv,0.127,135.203,0.126,135.457
MODULE 6,60: Sigmoid,0.152,0.450,0.120,0.722
MODULE 6,61: Mul,0.246,0.257,0.193,0.696
MODULE 6,62: Conv,0.140,152.224,0.129,152.494
MODULE 6,63: Sigmoid,0.152,0.456,0.136,0.744
MODULE 6,64: Mul,0.270,0.275,0.122,0.668
MODULE 6,65: Add,0.263,0.301,0.127,0.691
MODULE 6,66: Concat,0.257,0.253,0.258,0.768
MODULE 6,67: Conv,0.259,74.381,0.300,74.940
MODULE 6,68: Sigmoid,0.331,1.044,0.279,1.654
MODULE 6,69: Mul,0.595,0.634,0.402,1.631
MODULE 6,70: Concat,0.977,0.925,0.980,2.882
MODULE 6,71: Conv,1.193,598.543,0.590,600.326
MODULE 6,72: Sigmoid,0.533,2.029,0.544,3.105
MODULE 6,73: Mul,1.014,1.138,0.498,2.650
MODULE 7,74: Conv,1.264,1335.710,0.332,1337.305
MODULE 7,75: Sigmoid,0.317,1.112,0.318,1.747
MODULE 7,76: Mul,0.627,0.636,0.288,1.550
MODULE 8,77: Conv,0.555,416.242,0.387,417.185
MODULE 8,78: Sigmoid,0.347,1.240,0.384,1.971
MODULE 8,79: Mul,0.836,0.898,0.367,2.101
MODULE 8,80: Split,0.372,0.347,0.165,0.885
MODULE 8,81: Conv,0.214,46.884,0.088,47.186
MODULE 8,82: Conv,0.264,45.534,0.080,45.877
MODULE 8,83: Sigmoid,0.082,0.324,0.075,0.481
MODULE 8,84: Sigmoid,0.076,0.298,0.076,0.451
MODULE 8,85: Mul,0.149,0.164,0.075,0.388
MODULE 8,86: Mul,0.155,0.182,0.121,0.457
MODULE 8,87: Conv,0.205,190.348,0.081,190.634
MODULE 8,88: Sigmoid,0.072,0.299,0.080,0.451
MODULE 8,89: Mul,0.186,0.162,0.072,0.419
MODULE 8,90: Conv,0.208,239.258,0.074,239.540
MODULE 8,91: Sigmoid,0.067,0.242,0.063,0.373
MODULE 8,92: Mul,0.173,0.154,0.066,0.393
MODULE 8,93: Add,0.145,0.135,0.067,0.347
MODULE 8,94: Conv,0.170,199.604,0.088,199.862
MODULE 8,95: Sigmoid,0.090,0.323,0.097,0.509
MODULE 8,96: Mul,0.172,0.208,0.090,0.470
MODULE 8,97: Conv,0.229,191.877,0.088,192.193
MODULE 8,98: Sigmoid,0.076,0.311,0.092,0.479
MODULE 8,99: Mul,0.191,0.177,0.083,0.451
MODULE 8,100: Add,0.172,0.195,0.082,0.449
MODULE 8,101: Concat,0.162,0.171,0.160,0.493
MODULE 8,102: Conv,0.243,79.318,0.131,79.692
MODULE 8,103: Sigmoid,0.144,0.461,0.125,0.730
MODULE 8,104: Mul,0.235,0.285,0.119,0.639
MODULE 8,105: Concat,0.403,0.388,0.365,1.156
MODULE 8,106: Conv,0.617,521.312,0.271,522.200
MODULE 8,107: Sigmoid,0.251,0.846,0.230,1.327
MODULE 8,108: Mul,0.494,0.531,0.263,1.288
MODULE 9,109: Conv,0.319,234.953,0.187,235.460
MODULE 9,110: MaxPool,0.163,18.338,0.161,18.662
MODULE 9,111: MaxPool,0.170,13.926,0.205,14.302
MODULE 9,112: MaxPool,0.228,13.265,0.162,13.654
MODULE 9,113: Concat,0.823,0.673,0.564,2.061
MODULE 9,114: Conv,1.041,496.621,0.265,497.927
MODULE 9,115: Sigmoid,0.279,0.818,0.242,1.339
MODULE 9,116: Mul,0.493,0.501,0.305,1.299
MODULE 9,117: Add,0.446,0.484,0.217,1.147
MODULE 10,118: Conv,0.430,320.287,0.255,320.971
MODULE 10,119: Sigmoid,0.249,0.857,0.232,1.338
MODULE 10,120: Mul,0.514,0.516,0.220,1.249
MODULE 10,121: Split,0.215,0.240,0.104,0.560
MODULE 10,122: Conv,0.174,113.385,0.225,113.784
MODULE 10,123: Reshape,0.243,0.213,0.220,0.676
MODULE 10,124: Split,0.217,0.464,0.054,0.735
MODULE 10,125: Mul,0.055,0.091,0.114,0.259
MODULE 10,126: Reshape,0.000,0.108,0.108,0.216
MODULE 10,127: Trans,0.000,0.122,0.054,0.177
MODULE 10,128: ConvD,0.113,4.096,0.102,4.311
MODULE 10,129: MatMul,0.000,36.483,0.699,37.182
MODULE 10,130: Softmax,0.698,4.492,0.742,5.932
MODULE 10,131: Trans,0.000,1.726,0.773,2.499
MODULE 10,132: MatMul,0.000,96.390,0.133,96.523
MODULE 10,133: Reshape,0.127,0.128,0.128,0.382
MODULE 10,134: Add,0.273,0.313,0.132,0.717
MODULE 10,135: Conv,0.191,61.334,0.120,61.645
MODULE 10,136: Add,0.224,0.231,0.114,0.569
MODULE 10,137: Conv,0.177,120.661,0.258,121.096
MODULE 10,138: Sigmoid,0.261,0.894,0.249,1.404
MODULE 10,139: Mul,0.525,0.565,0.251,1.341
MODULE 10,140: Conv,0.333,120.690,0.111,121.134
MODULE 10,141: Add,0.250,0.273,0.109,0.632
MODULE 10,142: Concat,0.000,0.234,0.216,0.450
MODULE 10,143: Conv,0.391,242.965,0.269,243.626
MODULE 10,144: Sigmoid,0.235,0.852,0.255,1.342
MODULE 10,145: Mul,0.504,0.527,0.222,1.253
MODULE 11,146: Resize,0.228,2.811,0.921,3.961
MODULE 12,147: Concat,1.504,1.463,1.568,4.534
MODULE 13,148: Conv,1.909,1016.780,0.512,1019.201
MODULE 13,149: Sigmoid,0.451,1.689,0.479,2.619
MODULE 13,150: Mul,1.028,1.112,0.480,2.621
MODULE 13,151: Split,0.481,0.467,0.234,1.183
MODULE 13,152: Conv,0.245,31.493,0.123,31.861
MODULE 13,153: Conv,0.006,31.816,0.121,31.942
MODULE 13,154: Sigmoid,0.115,0.497,0.122,0.734
MODULE 13,155: Sigmoid,0.121,0.437,0.120,0.678
MODULE 13,156: Mul,0.245,0.277,0.129,0.651
MODULE 13,157: Mul,0.226,0.261,0.115,0.601
MODULE 13,158: Conv,0.140,132.403,0.118,132.662
MODULE 13,159: Sigmoid,0.120,0.410,0.130,0.660
MODULE 13,160: Mul,0.225,0.269,0.116,0.610
MODULE 13,161: Conv,0.135,132.565,0.111,132.811
MODULE 13,162: Sigmoid,0.136,0.403,0.115,0.653
MODULE 13,163: Mul,0.214,0.261,0.106,0.581
MODULE 13,164: Add,0.232,0.222,0.111,0.564
MODULE 13,165: Conv,0.134,133.621,0.119,133.874
MODULE 13,166: Sigmoid,0.104,0.378,0.117,0.600
MODULE 13,167: Mul,0.237,0.226,0.104,0.568
MODULE 13,168: Conv,0.137,126.918,0.122,127.177
MODULE 13,169: Sigmoid,0.110,0.452,0.106,0.668
MODULE 13,170: Mul,0.218,0.258,0.110,0.586
MODULE 13,171: Add,0.234,0.260,0.111,0.604
MODULE 13,172: Concat,0.246,0.277,0.225,0.749
MODULE 13,173: Conv,0.228,58.230,0.237,58.695
MODULE 13,174: Sigmoid,0.224,0.806,0.214,1.243
MODULE 13,175: Mul,0.447,0.497,0.215,1.160
MODULE 13,176: Concat,0.225,0.670,0.662,1.557
MODULE 13,177: Conv,0.767,381.690,0.571,383.028
MODULE 13,178: Sigmoid,0.504,1.838,0.528,2.871
MODULE 13,179: Mul,1.089,1.225,0.545,2.859
MODULE 14,180: Resize,0.609,6.315,2.474,9.398
MODULE 15,181: Concat,5.629,6.239,7.523,19.391
MODULE 16,182: Conv,9.571,1310.077,1.026,1320.674
MODULE 16,183: Sigmoid,1.046,3.817,1.193,6.057
MODULE 16,184: Mul,2.489,2.672,1.162,6.324
MODULE 16,185: Split,1.091,1.067,0.566,2.723
MODULE 16,186: Conv,0.543,34.991,0.268,35.801
MODULE 16,187: Conv,0.001,33.802,0.269,34.072
MODULE 16,188: Sigmoid,0.306,0.883,0.242,1.431
MODULE 16,189: Sigmoid,0.244,0.865,0.274,1.384
MODULE 16,190: Mul,0.495,0.547,0.237,1.280
MODULE 16,191: Mul,0.482,0.523,0.238,1.244
MODULE 16,192: Conv,0.260,132.983,0.296,133.539
MODULE 16,193: Sigmoid,0.254,1.000,0.250,1.504
MODULE 16,194: Mul,0.485,0.555,0.236,1.276
MODULE 16,195: Conv,0.246,127.531,0.241,128.017
MODULE 16,196: Sigmoid,0.251,0.801,0.218,1.270
MODULE 16,197: Mul,0.462,0.489,0.218,1.169
MODULE 16,198: Add,0.479,0.548,0.227,1.254
MODULE 16,199: Conv,0.289,132.985,0.243,133.518
MODULE 16,200: Sigmoid,0.273,0.860,0.241,1.374
MODULE 16,201: Mul,0.497,0.526,0.238,1.261
MODULE 16,202: Conv,0.253,157.466,0.289,158.007
MODULE 16,203: Sigmoid,0.296,0.929,0.248,1.473
MODULE 16,204: Mul,0.518,0.557,0.269,1.344
MODULE 16,205: Add,0.662,0.632,0.300,1.594
MODULE 16,206: Concat,0.588,0.541,0.590,1.719
MODULE 16,207: Conv,0.579,64.552,0.458,65.589
MODULE 16,208: Sigmoid,0.443,1.567,0.488,2.498
MODULE 16,209: Mul,0.881,0.970,0.421,2.272
MODULE 16,210: Concat,0.416,1.288,1.336,3.040
MODULE 16,211: Conv,1.299,493.965,1.134,496.399
MODULE 16,212: Sigmoid,1.107,3.585,1.048,5.740
MODULE 16,213: Mul,2.025,2.232,1.052,5.310
MODULE 17,214: Conv,1.252,849.421,0.345,851.018
MODULE 17,217: Sigmoid,0.333,1.143,0.320,1.795
MODULE 17,220: Mul,0.652,0.685,0.301,1.638
MODULE 18,223: Concat,0.900,0.829,0.837,2.566
MODULE 19,226: Conv,0.906,483.713,0.483,485.103
MODULE 19,229: Sigmoid,0.417,1.529,0.441,2.388
MODULE 19,232: Mul,0.871,0.977,0.423,2.270
MODULE 19,235: Split,0.410,0.402,0.203,1.016
MODULE 19,238: Conv,0.207,30.789,0.197,31.193
MODULE 19,239: Conv,0.006,44.662,0.237,44.905
MODULE 19,241: Sigmoid,0.136,0.483,0.132,0.751
MODULE 19,242: Sigmoid,0.155,0.531,0.150,0.836
MODULE 19,244: Mul,0.252,0.298,0.129,0.680
MODULE 19,245: Mul,0.289,0.322,0.133,0.744
MODULE 19,247: Conv,0.173,164.013,0.249,164.435
MODULE 19,249: Sigmoid,0.137,0.464,0.205,0.805
MODULE 19,251: Mul,0.275,0.287,0.142,0.704
MODULE 19,253: Conv,0.158,164.781,0.144,165.083
MODULE 19,254: Sigmoid,0.130,0.561,0.136,0.826
MODULE 19,255: Mul,0.251,0.297,0.124,0.672
MODULE 19,256: Add,0.266,0.352,0.135,0.753
MODULE 19,257: Conv,0.141,162.226,0.152,162.520
MODULE 19,258: Sigmoid,0.175,0.503,0.133,0.811
MODULE 19,259: Mul,0.272,0.295,0.139,0.706
MODULE 19,260: Conv,0.165,154.683,0.134,154.982
MODULE 19,261: Sigmoid,0.126,0.516,0.127,0.769
MODULE 19,262: Mul,0.275,0.289,0.128,0.692
MODULE 19,263: Add,0.282,0.295,0.134,0.712
MODULE 19,264: Concat,0.282,0.261,0.283,0.825
MODULE 19,265: Conv,0.266,70.184,0.361,70.811
MODULE 19,266: Sigmoid,0.297,1.112,0.278,1.687
MODULE 19,267: Mul,0.599,0.640,0.295,1.535
MODULE 19,268: Concat,0.280,0.873,0.926,2.079
MODULE 19,269: Conv,0.863,390.085,0.446,391.394
MODULE 19,270: Sigmoid,0.490,1.559,0.451,2.500
MODULE 19,271: Mul,0.932,0.988,0.435,2.355
MODULE 20,272: Conv,0.811,892.143,0.130,893.084
MODULE 20,275: Sigmoid,0.112,0.418,0.119,0.648
MODULE 20,278: Mul,0.226,0.241,0.120,0.586
MODULE 21,281: Concat,0.344,0.327,0.404,1.075
MODULE 22,284: Conv,0.583,421.337,0.250,422.170
MODULE 22,287: Sigmoid,0.231,0.762,0.206,1.199
MODULE 22,290: Mul,0.433,0.480,0.203,1.116
MODULE 22,293: Split,0.209,0.210,0.124,0.543
MODULE 22,296: Conv,0.270,262.159,0.081,262.510
MODULE 22,298: Sigmoid,0.072,0.263,0.074,0.409
MODULE 22,300: Mul,0.139,0.189,0.069,0.397
MODULE 22,302: Conv,0.268,283.511,0.120,283.899
MODULE 22,304: Sigmoid,0.210,0.420,0.122,0.752
MODULE 22,306: Mul,0.222,0.250,0.115,0.588
MODULE 22,308: Add,0.233,0.268,0.115,0.617
MODULE 22,309: Conv,0.183,112.540,0.229,112.952
MODULE 22,310: Reshape,0.251,0.216,0.218,0.685
MODULE 22,311: Split,0.223,0.496,0.082,0.801
MODULE 22,312: Mul,0.056,0.101,0.065,0.222
MODULE 22,313: Reshape,0.107,0.116,0.106,0.329
MODULE 22,314: Trans,0.054,0.128,0.054,0.236
MODULE 22,315: ConvD,0.115,3.976,0.105,4.196
MODULE 22,316: MatMul,0.104,39.026,0.744,39.874
MODULE 22,317: Softmax,0.724,4.524,0.727,5.975
MODULE 22,318: Trans,0.712,1.578,0.770,3.061
MODULE 22,319: MatMul,0.824,82.922,0.108,83.854
MODULE 22,320: Reshape,0.101,0.103,0.109,0.313
MODULE 22,321: Add,0.217,0.258,0.102,0.577
MODULE 22,322: Conv,0.142,55.342,0.111,55.596
MODULE 22,323: Add,0.228,0.237,0.103,0.567
MODULE 22,324: Conv,0.175,114.680,0.245,115.101
MODULE 22,325: Sigmoid,0.245,0.765,0.255,1.265
MODULE 22,326: Mul,0.443,0.474,0.227,1.144
MODULE 22,327: Conv,0.307,115.763,0.115,116.184
MODULE 22,328: Add,0.232,0.238,0.119,0.589
MODULE 22,329: Concat,0.393,0.364,0.395,1.152
MODULE 22,330: Conv,0.676,368.022,0.288,368.986
MODULE 22,331: Sigmoid,0.244,0.859,0.295,1.399
MODULE 22,332: Mul,0.496,0.546,0.238,1.281
